_key,username,location,post_count,likes,keyword,gender,identity,marriage,region,risk_appetite,education,revenue,deposit,debt,intended_products,label
1,DaryLS,ÂÖãÊãâÊ†ºÁöÑ‰ΩèÊâÄ,5.0,15.0,1.3095375895500183,0,9,1,3,2,1,18,240,29,1,4
2,CCnono,,4.0,11.0,0.9424816519021988,0,5,1,3,0,1,70,99,0,3,3
3,Dominic,,1.0,2.0,1.0921002253890038,0,9,1,6,2,2,13,27,30,3,1
4,Jerry,,3.0,5.0,0.0,1,2,1,4,1,0,79,42,10,0,4
5,Admin,,15.0,22.0,1.0804874300956726,1,4,1,4,2,0,41,126,36,3,2
6,‰∏É‰∏É,,,,0.0,0,6,0,0,0,3,31,237,23,0,2
7,leshu,,5.0,10.0,1.3095375895500183,1,8,1,1,1,2,24,273,46,1,0
8,iii,,1.0,2.0,1.1768076121807098,0,7,1,1,1,3,37,159,24,2,2
9,N_N,,,,0.0,1,1,0,3,0,2,18,48,42,2,0
10,Â≠¶‰π†‰πãÊòüÈªÑËø™Êô®,,,,0.0,1,1,6,0,1,73,135,47,1,0,4
11,metabeing,,3.0,6.0,1.036638006567955,1,8,1,2,2,2,61,57,46,3,2
12,excalibur,,,,0.0,0,7,1,0,0,2,63,294,10,2,4
13,Gllaucus,,,,0.0,1,0,0,6,2,1,51,234,29,1,2
14,jflam,,,,0.0,1,4,1,4,2,1,76,282,5,3,0
15,Êúâ‰∫ãËØ¥ËØù,,1.0,2.0,0.7710159718990326,0,3,0,2,2,2,64,276,4,2,4
16,Nathan,,,,0.0,0,9,0,3,2,1,69,72,2,2,0
17,guluglu,,,,0.0,0,3,0,0,1,0,22,99,11,3,4
18,ËìùÁ∫¢Ê∞¥,,,,0.0,0,1,1,1,3,33,60,11,1,2,4
19,Weeknd,,,,0.0,0,1,1,6,0,0,68,69,15,3,3
20,Alicia,,,,0.0,0,7,0,1,0,0,96,228,28,0,0
21,Afirmiana,,1.0,2.0,1.0568363517522812,1,1,0,6,2,2,55,87,31,3,0
22,Shirley,,,,0.0,0,2,1,0,0,1,33,87,18,0,1
23,ÁõêÁÑóÂúüË±Ü_,,2.0,4.0,0.9329290241003036,0,0,1,1,0,2,35,291,43,1,3
24,shrimp,,1.0,2.0,0.9172818809747696,0,1,1,1,0,2,86,21,27,1,2
25,ÂâçÈî¶‰ººÊµ∑,,1.0,2.0,1.071427397429943,0,7,0,6,2,0,74,63,36,1,3
26,JojoÂßê,,,,0.0,1,2,1,4,0,3,60,126,50,0,3
27,panlis,,,,0.0,1,3,1,6,2,0,96,12,44,1,0
28,A4A,"Bilbao, Espa√±a",5430.0,4268224551293.0,0.93304193764925,1,8,1,1,1,2,8,255,9,0,2
29,1a0,,2.0,0.0,0.7326259016990662,1,8,1,5,0,1,49,48,18,2,0
30,bdf,,11.0,14.0,1.1099969670176506,0,5,1,2,1,1,73,279,40,3,3
31,e36,Brisbane,2977.0,16974.0,0.875835731625557,1,9,1,4,2,2,5,138,26,2,4
32,7FE,"California, USA",2875.0,7956.0,0.9363942742347716,0,9,0,2,2,1,99,282,26,3,4
33,5aa,,2.0,1.0,1.082620546221733,0,8,0,2,1,1,7,234,16,3,1
34,F0B,,4318.0,1560.0,1.140999257564545,1,3,0,0,0,0,58,276,17,3,2
35,da6,,2.0,0.0,0.8858307600021362,1,8,1,5,2,3,26,120,6,1,4
36,134,,108.0,19.0,1.0359485521912577,0,8,0,6,2,3,99,261,45,3,4
37,894,,1333.0,1.0,0.9929414764046668,1,4,1,2,1,0,74,261,44,1,0
38,223,,1.0,0.0,0.0,0,8,0,4,0,3,46,3,26,0,1
39,130,osaka,11768.0,40082.0,1.0059682205319405,0,1,0,0,0,1,66,153,34,3,4
40,49,,1.0,4518.0,0.6833181381225586,1,1,1,0,2,3,66,189,47,0,4
41,6dd,,1115.0,2311.0,1.0143425278365612,0,6,1,2,1,3,62,198,15,0,3
42,AB3,,38.0,2.0,0.9726948589086531,1,0,0,1,0,2,6,237,15,0,4
43,b64,"Colorado, USA",1.0,0.0,0.9343186840415,1,7,0,0,2,2,43,54,2,1,0
44,2fa,,2.0,0.0,0.9173177033662796,1,6,0,0,1,2,19,222,29,0,1
45,f2e,,98.0,52.0,1.081414744257927,1,7,1,5,0,2,22,234,32,1,1
46,560,Wolfsburg,800.0,5289.0,0.9763887394219636,1,7,0,5,1,3,65,270,35,2,1
47,577,,1.0,0.0,1.0608836635947227,1,6,0,6,1,0,64,123,33,1,3
48,1bc,,1.0,0.0,1.0015809535980225,1,3,0,5,0,0,33,27,21,1,4
49,cbd,,1.0,0.0,0.944730207324028,1,1,0,1,2,1,89,75,2,1,2
50,3ac,Palm Beach,367.0,12597.0,1.03499873355031,0,7,1,0,2,3,33,210,29,2,4
51,6da,,413.0,675.0,0.9698994159698486,1,6,0,2,2,1,44,216,14,2,0
52,A5C,,21.0,6.0,1.1758998334407806,1,2,0,1,1,3,100,6,5,0,0
53,710,Âª£Â∑ûCanton,2095.0,2060.0,0.8624908328056335,0,0,0,4,1,1,5,162,12,1,3
54,e2d,,11.0,0.0,1.013450808823109,1,8,0,1,1,0,27,141,33,2,1
55,248,,3.0,0.0,0.953718539327383,1,6,1,6,1,0,15,261,42,1,0
56,A20,San Francisco,86.0,6.0,0.8651712834835052,0,3,1,1,0,2,97,261,43,0,1
57,bd7,,3.0,0.0,0.8074783831834793,0,7,0,2,1,2,53,297,7,3,1
58,38b,,2.0,0.0,0.936886951327324,1,8,1,0,1,3,79,132,7,0,4
59,2b5,,3.0,0.0,1.0481603480875492,1,9,0,3,0,1,50,168,39,2,3
60,E17,,1.0,0.0,0.8495770245790482,0,1,1,0,0,2,15,273,48,0,1
61,2ca,,2.0,0.0,1.2025932669639587,0,0,0,2,0,3,40,138,0,0,0
62,631,,1.0,0.0,0.8593506366014481,1,3,1,1,0,2,9,78,36,2,4
63,1f0,,161.0,7.0,1.1136677414178848,1,8,0,1,2,2,28,6,37,3,2
64,d43,,12.0,0.0,0.9643355309963226,1,2,1,0,0,0,54,114,38,3,0
65,17C,,4.0,0.0,0.900668554008007,0,9,1,6,1,2,87,75,40,1,3
66,983,,2213.0,1055.0,0.957818478345871,1,9,1,3,1,2,87,186,39,3,4
67,51A,Â§ßÈò™,6533.0,684.0,0.8865465372800827,1,7,0,5,1,3,79,258,17,0,0
68,F0A,,1.0,0.0,1.0156171396374702,1,7,1,0,1,2,93,282,14,3,2
69,565,London,141.0,426.0,0.9460070095956326,0,3,1,1,1,0,40,66,36,2,3
70,b6d,,4.0,0.0,0.9396997019648552,0,6,0,5,0,1,76,48,34,2,1
71,4a9,,2.0,0.0,0.9486629292368888,1,6,1,1,0,0,54,63,19,0,3
72,9db,Kuwait,139.0,35.0,0.9614899978041648,1,4,1,3,0,0,82,228,8,0,3
73,784,,2.0,0.0,0.846106544137001,0,8,0,4,2,1,28,6,34,3,2
74,435,,5.0,1.0,0.8056010901927948,1,7,1,4,0,3,37,249,29,3,0
75,8.00E+00,,4.0,0.0,0.7785840928554535,1,7,0,1,2,2,21,285,4,3,1
76,4b3,,3.0,0.0,0.8707508593797684,1,3,1,6,0,1,32,114,11,0,2
77,b86,Riyadh,286.0,15.0,0.8085068911314011,1,3,1,6,2,0,41,123,36,3,0
78,a77,heywood,194.0,33.0,1.025909073650837,0,5,1,0,2,1,23,288,18,1,2
79,B59,,17.0,128.0,0.0,0,5,1,2,2,1,43,186,33,3,0
80,488,,4.0,0.0,1.1054247841238976,0,5,1,6,0,1,33,291,33,2,3
81,24,Schipluiden,361.0,6.0,0.8141946196556091,1,3,1,3,1,1,72,282,6,2,3
82,110,,1.0,0.0,1.0191543102264404,1,7,0,1,2,3,88,99,15,3,3
83,Beb,,66.0,24.0,0.9035971760749816,0,6,1,1,1,3,9,240,38,1,2
84,60e,"ÿßŸÑÿ±Ÿäÿßÿ∂, ÿßŸÑŸÖŸÖŸÑŸÉÿ© ÿßŸÑÿπÿ±ÿ®Ÿäÿ© ÿßŸÑÿ≥ÿπŸàÿØŸäÿ©",74.0,16.0,0.9460070095956326,1,8,1,0,0,2,44,81,38,0,3
85,60e,,1.0,0.0,1.2241886258125303,1,8,0,2,2,3,91,276,31,3,3
86,371,,1.0,0.0,1.0931216552853584,1,9,1,2,2,3,80,195,12,2,3
87,CB2,,1.0,0.0,1.0931216552853584,0,6,0,4,0,1,20,255,35,0,4
88,4.00E+05,,24.0,0.0,1.1402064561843872,1,4,1,3,1,1,98,219,13,0,0
89,C9E,"Chicago, IL",17459.0,3620.0,1.1073169112205503,1,7,0,3,0,0,84,201,49,3,0
90,bdb,,2.0,0.0,0.0,0,6,1,3,2,2,44,120,11,3,4
91,223,,3.0,0.0,1.0539131686091423,0,5,1,1,1,0,16,147,25,0,0
92,4d9,Barcelona,12346.0,3.0,0.7522224485874176,1,2,0,6,1,3,92,237,42,0,3
93,A65,,1.0,4518.0,0.6833181381225586,1,9,1,2,2,1,70,282,41,3,3
94,95D,,1.0,0.0,0.0,1,3,1,0,0,2,39,159,30,1,1
95,108,,1.0,0.0,0.0,1,8,0,2,2,3,18,282,35,3,0
96,237,"Recife, Pernambuco",114.0,1130.0,0.7713826596736908,0,3,0,3,1,3,69,279,4,1,1
97,f38,"New York, NY",47407.0,9068.0,1.140999257564545,0,5,1,0,1,1,1,288,44,3,3
98,921,"Tel-Aviv, Israel",59.0,0.0,1.0035496233031154,1,4,1,1,1,3,36,276,17,1,1
99,93D,,1.0,0.0,0.0,1,6,1,3,1,1,79,78,21,3,1
100,D31,tokyo,17842.0,850.0,0.9739027619361876,0,9,1,3,1,0,82,78,45,0,0
101,7B8,,61.0,749.0,1.074537642300129,1,1,0,2,0,3,61,69,31,2,4
102,41F,,12.0,0.0,1.0347533822059631,0,0,0,5,0,1,72,84,34,0,4
103,f48,Riyadh,7.0,0.0,0.7109212875366211,1,9,0,0,2,1,85,237,32,2,1
104,3b5,,4.0,0.0,1.2066666930913923,0,9,0,6,1,3,23,195,12,0,3
105,64e,,11.0,0.0,0.8625070452690125,1,2,0,1,0,3,7,3,48,2,4
106,314,Somewhere in this world,364.0,10.0,0.8861680403351784,1,8,1,5,0,3,99,216,41,0,1
107,8fe,world,2303.0,583.0,0.9235576689243316,1,3,0,4,2,3,41,126,25,2,1
108,d3d,,2.0,0.0,0.0,0,3,0,0,2,3,67,90,27,2,2
109,815,,73.0,9.0,1.0952383503317833,1,6,0,3,0,1,25,210,24,3,0
110,b7e,,13.0,0.0,0.9396997019648552,1,9,0,3,2,3,46,273,37,1,0
111,FC8,,1.0,0.0,0.0,0,3,1,4,0,3,66,270,9,2,2
112,B79,,2.0,10.0,0.0,0,2,0,4,2,1,22,291,6,3,0
113,69b,,180.0,0.0,1.03499873355031,1,2,1,6,0,3,22,231,27,1,2
114,47a,"Temple, TX",1717.0,12551.0,1.1598816812038422,1,7,0,1,1,3,40,264,32,3,0
115,D3A,,1.0,0.0,0.8858307600021362,1,0,1,5,0,2,76,141,49,2,1
116,804,puerto cabello,11.0,0.0,1.2065321207046509,0,3,0,2,2,2,3,183,7,0,2
117,e42,"Quer√©taro, Mexico",8214.0,2528.0,0.8861680403351784,0,5,1,4,2,1,31,102,26,0,1
118,6.00E+04,Richmond VA,13.0,0.0,0.994828462600708,1,7,0,0,0,0,85,84,29,1,3
119,33c,,3.0,0.0,0.0,1,1,1,4,0,3,47,204,41,0,4
120,Ab8,"ÿßŸÑÿ±Ÿäÿßÿ∂, ÿßŸÑŸÖŸÖŸÑŸÉÿ© ÿßŸÑÿπÿ±ÿ®Ÿäÿ© ÿßŸÑÿ≥ÿπŸàÿØŸäÿ©",46819.0,2917.0,1.06105674803257,1,0,1,5,2,3,15,153,13,1,3
121,15a,,1.0,0.0,0.0,1,2,1,3,1,0,12,111,50,3,4
122,901,,14.0,0.0,0.9797067865729332,1,8,0,1,1,1,28,270,47,2,3
123,cd2,"Verspreide huizen Epse, Lochem",1198.0,10.0,0.9447445720434188,0,8,1,6,0,0,75,42,25,2,4
124,570,Santiago Centro,160.0,0.0,1.159152626991272,0,7,0,4,0,0,70,177,27,0,3
125,5ea,,1.0,0.0,1.3510956764221191,0,7,0,5,1,0,34,294,29,0,1
126,B25,"Williamsport, PA",31.0,0.0,0.9351083636283876,0,5,1,6,1,2,99,234,20,3,2
127,90a,,16.0,0.0,0.9643355309963226,1,2,0,1,2,1,11,21,26,2,3
128,A94,,5.0,0.0,1.0191543102264404,0,3,0,0,2,3,47,30,12,2,1
129,Dea,,2.0,0.0,0.8393528163433075,1,8,0,3,0,3,59,228,5,3,4
130,694,,2.0,0.0,0.0,0,6,1,4,2,0,33,81,31,1,0
131,8d6,"La Guaira, Venezuela",1187.0,723.0,0.9489254541695118,0,3,1,5,1,3,23,183,47,2,2
132,F03,"Oslo, Norway",1.0,0.0,1.0215682685375214,1,6,1,2,2,0,9,96,5,0,4
133,ccc,,3.0,0.0,1.0213843025267124,0,1,0,1,1,1,100,42,14,0,4
134,6F9,,3.0,0.0,0.6842315196990967,0,5,1,1,1,1,3,177,5,2,3
135,332,,839.0,0.0,1.237846612930298,1,9,0,3,1,2,44,189,13,2,0
136,8C2,"Bilbao, Espa√±a",5447.0,4278.0,0.93304193764925,1,6,0,5,0,1,58,207,23,2,0
137,ea5,"south wales, uk",410.0,14.0,0.8190005719661713,0,8,0,1,1,3,24,189,17,1,0
138,0d1,,2732.0,344.0,1.0222438499331474,1,9,0,4,0,2,89,99,2,2,1
139,521,rio,752.0,64573.0,1.1313448548316956,0,6,1,0,2,3,53,165,27,2,4
140,5f3,,145.0,1119.0,1.1568908095359802,1,3,1,2,2,2,100,195,40,2,3
141,b9c,,1.0,0.0,1.0201900489628315,0,0,0,1,2,0,37,117,43,2,2
142,440,Guayaquil,1.0,0.0,1.111822359263897,1,4,1,3,1,2,55,213,7,2,2
143,571,,13.0,0.0,1.0176885165274143,1,6,1,2,1,0,70,21,42,3,3
144,214,,1.0,0.0,0.0,1,9,1,5,1,3,93,207,39,1,1
145,E40,,3.0,1.0,1.1099969670176506,1,0,0,3,2,3,3,204,35,0,3
146,58b,,1.0,0.0,0.0,1,7,1,4,1,3,95,177,41,2,2
147,6B9,707 Vallejo Ca. Bay Area ,38050.0,12708.0,0.8425988256931305,1,8,1,2,2,2,15,225,35,2,1
148,02c,,1.0,0.0,0.8836969286203384,1,0,0,2,0,0,42,93,44,3,1
149,756,ÿ±ÿ£ÿ≥ ÿßŸÑÿÆŸäŸÖÿ©,26.0,470.0,1.0492581352591517,0,9,0,5,1,0,37,219,31,2,4
150,89,ÿ®Ÿäÿ™ŸÜÿßüôÑ,2874.0,159.0,0.9151900261640548,1,0,1,2,2,1,9,150,28,3,4
151,03a,,1.0,0.0,0.9089339673519136,0,5,1,2,1,3,3,204,25,0,4
152,E61,,1.0,152.0,0.9240094795823096,1,9,0,6,2,3,40,45,39,0,2
153,b1b,,397.0,372.0,0.9363942742347716,0,9,1,0,0,2,62,24,27,1,0
154,Da2,JAPAN,22444.0,6091.0,0.7818307876586914,0,3,1,0,2,3,2,291,31,2,1
155,2D6,,1.0,0.0,1.0458168052136898,0,9,1,2,2,3,33,81,22,0,2
156,35c,,1.0,0.0,0.9173177033662796,0,0,0,5,2,3,43,264,10,0,1
157,819,,2079.0,20.0,0.9072044491767884,0,6,0,6,0,0,84,168,17,2,1
158,b46,,8.0,27.0,0.9664982706308364,1,4,1,4,2,3,50,294,30,2,3
159,A2C,JPN.,5262.0,1460.0,0.9662374705076218,0,9,0,6,2,2,89,225,37,3,3
160,ca6,,13.0,27.0,0.71585413813591,1,7,0,3,2,3,52,138,39,0,2
161,E82,shibuya tokyo japan,522.0,24.0,0.8731990903615952,1,1,0,6,1,1,20,114,42,1,0
162,5D3,,2.0,0.0,1.0562057234346869,0,1,0,4,2,2,11,81,45,3,0
163,915,,53.0,15.0,1.0236946940422058,0,8,0,3,1,2,21,144,13,1,3
164,2b5,San Juan de Pasto,18.0,19.0,1.0463519394397736,1,2,1,1,0,1,39,189,7,2,0
165,cde,beijing,7.0,0.0,1.2776923775672913,0,7,0,6,0,0,23,276,12,3,0
166,217,,2.0,0.0,1.2025932669639587,1,9,1,3,2,1,93,3,45,2,0
167,72c,,1.0,0.0,1.0191543102264404,1,4,1,0,2,2,57,72,32,1,2
168,2ca,,21.0,13.0,1.0481603480875492,0,8,0,5,1,3,60,12,17,1,2
169,e28,,7.0,0.0,0.8634447455406189,1,2,0,4,0,0,9,294,41,3,0
170,F4F,,161.0,7.0,1.1136677414178848,1,9,0,1,0,2,18,105,18,1,3
171,2CC,,1.0,0.0,0.0,0,9,1,1,0,3,26,102,6,2,0
172,49,,1759.0,119.0,1.0481603480875492,1,8,1,5,0,3,83,168,27,2,2
173,376,"Canberra, Australia",52766.0,1624.0,0.7648385912179947,1,2,1,0,2,3,86,132,32,0,0
174,1bc,,38.0,2.0,0.9726948589086531,1,4,1,1,2,2,3,201,47,1,4
175,CB2,,2.0,0.0,0.9481292255222796,0,1,1,1,0,1,80,144,9,2,2
176,4be,Palm Beach,367.0,12597.0,1.03499873355031,1,3,0,5,2,1,83,270,18,3,4
177,BC1,"Chicago, IL",17459.0,3620.0,1.1073169112205503,1,1,1,1,0,0,85,147,39,2,3
178,D66,Madhya Pradesh,48.0,0.0,0.9173177033662796,0,6,0,5,1,0,96,273,46,0,2
179,d99,British Columbia,83010.0,111.0,0.8238800466060638,1,7,1,4,0,1,66,189,44,3,2
180,4.00E+01,Nederland,26467.0,6737.0,1.1173112392425537,1,2,1,1,1,3,92,87,49,3,1
181,4EC,Indonesia,7748.0,230.0,0.8861680403351784,0,7,1,5,1,0,8,114,26,2,4
182,FCA,south korea,1.0,0.0,1.210121974349022,0,0,1,0,0,1,63,108,29,2,4
183,996,"Redlands, CA",10.0,6.0,1.1295022070407867,1,3,1,6,2,0,74,81,25,3,2
184,C2E,"Manhattan, NY",3554.0,256.0,1.1134995222091677,0,2,0,2,1,0,6,282,31,1,4
185,431,,1.0,0.0,0.7906706929206848,1,4,1,0,1,3,85,156,50,0,3
186,610,"Dallas/Ft. Worth/Midlothian,TX",17213.0,1951.0,1.1081858202815056,1,8,0,6,1,2,12,282,19,2,1
187,F91,Amsterdam,687.0,2.0,1.0802365317940712,0,7,1,5,0,2,34,105,38,1,4
188,978,,1.0,0.0,0.9262204393744468,0,7,0,6,2,1,100,93,10,2,2
189,99,Êñ∞ÊΩüÁúå„ÄÄ‰∏≠Ë∂ä,81.0,0.0,0.9715986214578152,0,6,0,2,0,0,44,273,29,1,4
190,ead,Taiwan,95.0,0.0,1.3088724613189695,0,9,0,3,2,2,99,108,31,2,4
191,196,,1.0,0.0,0.0,0,9,1,3,2,2,94,165,23,2,0
192,acf,SF | NY,845.0,6371.0,0.8592151254415512,1,0,1,3,1,1,63,60,5,0,3
193,bf5,,1.0,1.0,1.0741131752729416,1,8,0,0,1,0,10,84,11,0,3
194,4ed,"France, Spain, USA, UK, Canada, Spain, Germany, Italy + nearly 50 countries around the world.",6924.0,0.0,0.8689272701740265,0,1,0,3,1,0,15,249,16,1,0
195,6C9,,14.0,1077.0,0.9785376209765672,0,5,1,5,1,2,10,174,36,1,1
196,B93,,24.0,0.0,1.0526145845651629,0,0,1,4,1,2,74,117,39,3,0
197,6cd,Al Bukairiyah - üá∏üá¶,17689.0,42.0,0.9151900261640548,1,8,1,6,0,1,12,291,21,0,0
198,35c,West Michigan!,2068.0,0.0,1.0653825849294662,1,3,0,3,2,2,26,270,37,2,4
199,891,,1.0,0.0,0.7546165883541107,0,3,0,5,1,3,9,90,14,2,3
200,01a,,8.0,27.0,0.9664982706308364,0,7,1,6,0,0,85,153,36,0,3
201,cdd,SoCal,1.0,0.0,0.8296602666378021,0,5,1,3,0,2,3,96,23,1,2
202,C69,"Fort Wayne, Indiana",31.0,2.0,1.0233209282159803,1,9,0,0,0,1,100,30,29,3,3
203,1FD,Atlanta,92.0,115.0,1.1031118407845495,1,7,1,1,0,2,98,51,42,3,3
204,685,,12.0,2.0,1.0243134535849094,1,7,0,3,2,3,31,111,7,0,0
205,d7c,,1.0,0.0,0.0,1,3,1,3,2,2,98,141,2,2,2
206,25F,"Camp Pendleton North, CA",425.0,16998.0,1.1568908095359802,0,9,0,2,2,1,32,78,7,0,0
207,ade,,1.0,0.0,0.8710290044546127,1,2,0,1,1,3,81,180,13,2,1
208,651,AL AHSSA and jazan,1845.0,687.0,0.8625070452690125,0,6,0,2,1,1,88,219,28,3,4
209,b51,"Godalming, UK",37992.0,15770.0,0.9682857617735864,1,2,1,1,1,0,84,195,37,3,0
210,A41,,1.0,0.0,0.9261022359132768,1,4,1,5,2,2,26,183,38,1,3
211,6B9,,1.0,0.0,1.0975204780697825,0,0,0,0,2,1,78,135,19,1,2
212,B53,,19.0,0.0,0.9146392419934272,0,5,1,2,0,2,76,72,14,1,3
213,9F1,ÿ±ÿ£ÿ≥ ÿßŸÑÿÆŸäŸÖÿ©,26.0,470.0,1.0492581352591517,1,7,1,5,1,3,16,102,33,2,2
214,A5C,Dublin Ireland,167.0,350.0,1.088428147137165,0,1,1,0,2,1,49,243,36,0,0
215,229,,53.0,0.0,1.0365497097373009,1,7,0,3,1,2,85,246,22,2,0
216,Ede,,11.0,0.0,1.013450808823109,0,3,0,4,1,2,56,129,26,3,2
217,e95,,2.0,1.0,0.7633753716945648,1,2,0,4,1,2,3,75,40,3,4
218,6D1,,4.0,0.0,1.0122980698943138,1,7,0,5,0,0,78,30,41,0,4
219,70a,,1.0,0.0,0.9494421482086182,0,2,1,1,0,0,48,249,0,0,3
220,134,,9.0,0.0,1.0991408675909042,0,7,1,0,2,3,41,147,40,0,2
221,756,,2.0,0.0,0.9769617076963186,1,9,0,3,1,2,33,291,5,1,0
222,9Eb,,1.0,0.0,0.0,1,6,0,6,1,0,66,288,24,0,3
223,a95,,1.0,0.0,0.9089339673519136,0,6,0,4,0,0,43,81,29,3,0
224,86b,Madrid,11062.0,12380.0,0.8670114576816559,0,1,0,6,2,1,44,75,19,0,2
225,d0b,,1.0,0.0,1.0127720925956964,1,9,1,6,0,0,82,180,22,1,2
226,7FE,ÿπŸÑŸâ ŸÇŸäÿØ ÿ£ŸèŸÖŸÜŸäÿ©,218.0,25.0,0.9789337143301964,0,6,0,3,2,1,41,111,5,0,1
227,28b,Tokyo,2097.0,177.0,0.9863880835473536,1,6,1,0,2,2,2,27,25,2,0
228,b7d,,4320.0,1562.0,1.140999257564545,1,9,1,3,2,1,79,261,0,0,3
229,466,S√£o Paulo Brazil,10.0,0.0,0.9460070095956326,1,0,0,3,2,2,24,81,4,2,3
230,555,,1.0,0.0,0.988116268068552,1,3,1,3,2,1,54,153,32,0,0
231,14B,Japan,4.0,0.0,0.7483919560909271,1,0,0,0,2,2,99,87,13,3,1
232,120,"Bristol, UK",6568.0,4574.0,0.7713826596736908,1,0,0,1,0,3,76,153,11,2,2
233,afb,,18.0,0.0,1.132811218500137,1,9,0,0,1,0,58,144,38,0,2
234,40,,7285.0,3129.0,1.1591461300849917,0,3,0,0,2,0,67,3,28,1,1
235,1ee,,3256.0,32.0,0.9789337143301964,1,3,0,1,0,0,30,210,18,0,1
236,ba2,,1.0,0.0,0.8484668433666229,1,3,1,5,0,1,88,141,9,1,4
237,db7,,114.0,15.0,1.0755631178617475,0,5,1,1,0,2,6,261,12,0,0
238,f86,,20.0,2.0,0.9857017993927002,0,2,0,3,1,2,62,60,12,2,0
239,578,,1113.0,16.0,0.9820000119507312,1,2,0,5,2,1,86,297,39,3,2
240,F40,,56.0,2.0,0.9117717146873474,1,9,1,6,1,0,74,99,21,1,4
241,4ad,"30.316944,-91.123266",1.0,0.0,1.1081858202815056,0,1,0,2,1,2,21,168,48,3,0
242,CD5,,4.0,1.0,0.6521890461444855,1,9,0,5,1,3,28,126,17,0,4
243,02e,"Beijing, China",329.0,10.0,0.896741971373558,1,7,1,6,2,2,93,195,10,3,0
244,C37,Maryland,206.0,127.0,0.9560401290655136,1,4,1,0,1,1,49,234,35,1,0
245,63,,3.0,0.0,0.9750350713729858,0,8,0,3,1,3,87,105,32,2,1
246,174,"Dallas, TX",220.0,169.0,0.7847225964069366,1,3,1,3,0,0,74,198,38,0,3
247,da4,"Madurai South, India",5.0,90.0,1.2065321207046509,0,6,0,2,1,0,92,228,5,0,3
248,Be5,,4.0,0.0,1.0233209282159803,1,9,1,3,1,3,54,135,21,0,4
249,48B,"Chicago, IL",1473.0,408.0,0.9494421482086182,0,2,1,3,0,2,84,156,44,0,1
250,C0A,,2.0,0.0,0.8623083531856537,0,9,0,4,0,0,44,264,21,3,0
251,A44,,17.0,11.0,1.00719643663615,0,6,1,1,2,1,64,216,12,3,2
252,8,,1.0,0.0,1.1493729501962662,0,5,1,6,0,3,23,240,9,0,2
253,f4e,,4.0,0.0,0.8867853209376335,0,5,1,1,2,0,61,252,44,0,3
254,910,"Eyes only, love.",15.0,0.0,1.069444976747036,0,3,0,0,2,3,27,141,34,3,3
255,1b14,Wiesbaden,11.0,22.0,0.953391432762146,1,0,1,6,0,2,62,84,45,2,2
256,ca56,,1.0,0.0,1.064295880496502,0,6,1,1,0,0,73,240,44,2,4
257,3817,24,10.0,0.0,1.071427397429943,1,1,1,4,0,0,93,249,5,1,2
258,5ea6,,1.0,0.0,0.0,0,2,1,2,2,0,82,192,7,0,3
259,f7ad,,5.0,0.0,0.7680944204330444,1,0,1,4,1,2,56,222,13,3,2
260,102b,,1.0,0.0,1.19384503364563,1,3,0,6,1,2,50,171,20,0,1
261,df71,"ÿßŸÑŸÖÿØŸäŸÜÿ© ÿßŸÑŸÖŸÜ, ÿßŸÑŸÖŸÖŸÑŸÉÿ© ÿßŸÑÿπÿ±ÿ®Ÿäÿ© ",1568.0,0.0,1.2049550712108612,1,2,1,4,1,3,6,75,13,3,2
262,e26c,,1.0,0.0,1.1751202642917633,1,6,0,3,2,0,83,267,36,0,3
263,566,,23.0,45.0,0.8659365177154541,1,2,0,1,0,2,86,252,23,1,3
264,0d2e,,1.0,0.0,1.19384503364563,0,3,0,0,1,0,71,201,47,1,2
265,01f5,,1.0,0.0,0.0,0,9,1,4,0,3,76,42,32,2,4
266,F337,,2.0,0.0,1.0481603480875492,0,9,0,1,0,1,96,258,46,0,1
267,2f26,peru,4.0,0.0,0.915467381477356,0,6,0,2,2,1,59,123,14,3,2
268,6f12,S.E.O.U.L,1.0,0.0,1.1137909293174744,1,1,1,0,0,1,25,273,29,1,0
269,4255,,74.0,6163.0,0.9789337143301964,1,1,0,3,0,3,81,78,49,2,2
270,7690,,1232.0,5.0,0.9760087374597788,1,1,1,1,0,1,45,54,7,3,4
271,ec21,Bremerton Wa,99.0,13.0,0.8359658718109131,0,0,0,3,0,3,37,210,42,1,0
272,33c5,,1.0,0.0,0.909735657274723,0,5,1,6,0,1,38,9,9,1,1
273,6414,,10.0,457.0,1.1913862079381945,0,5,1,3,0,1,36,282,4,0,1
274,1448,,4.0,0.0,0.9021741896867752,0,0,1,1,2,1,65,264,0,3,0
275,a8b8,,1.0,0.0,0.8593506366014481,1,4,1,0,0,1,7,60,2,3,2
276,9973,India,2.0,1.0,1.1274335384368896,1,8,0,0,1,3,36,138,2,1,0
277,6743,"Rio de Janeiro, Brasil",16.0,44.0,0.6464441418647766,1,3,0,6,1,0,53,165,30,0,0
278,f509,,4.0,5.0,0.9494421482086182,0,3,1,2,2,0,59,12,49,0,0
279,6119,,4.0,3.0,0.8593506366014481,1,4,1,4,2,2,71,54,22,3,3
280,f7a9,,2.0,0.0,0.8256473392248154,0,8,0,2,0,1,31,84,23,3,3
281,5e5a,,5.0,18.0,0.8783071115612984,1,9,0,4,1,3,40,186,31,3,0
282,5543,,665.0,0.0,1.0187650192528963,1,6,1,3,2,1,49,249,9,3,2
283,d8c0,Jeddah,98.0,14.0,0.9151900261640548,0,8,0,2,1,1,38,273,44,0,0
284,5.30E+03,,1.0,0.0,0.9205386564135551,0,1,0,6,1,1,20,72,23,2,4
285,EFBA,,17.0,2.0,0.7706229984760284,0,1,0,5,2,2,40,87,7,1,3
286,2160,,4.0,1.0,1.005084991455078,1,0,1,2,1,2,79,180,43,0,0
287,ad13,"Chaclacayo, Lima, Per√∫",3266.0,10.0,1.225679412484169,1,2,0,3,2,1,52,276,32,3,4
288,8948,,1583.0,8.0,0.7818307876586914,0,0,1,5,0,2,6,285,5,2,2
289,2645,,1.0,0.0,0.9796203821897508,1,3,0,1,0,3,34,150,19,2,4
290,b012,Sakura City,536.0,10.0,1.1724961251020432,0,2,0,4,1,0,98,147,17,1,4
291,586C,                                                                                                                        ,4914.0,33468.0,0.8794224262237549,1,9,1,0,2,0,21,84,6,3,0
292,394a,,2.0,0.0,0.8329418450593948,0,5,1,6,0,1,49,135,6,2,0
293,91a8,,1.0,0.0,0.0,1,0,1,6,1,2,88,135,24,0,0
294,7D71,ÿßŸÑŸÉŸàŸäÿ™,847.0,15.0,1.0926613062620163,1,4,1,6,2,1,86,51,34,3,0
295,0db0,,1.0,0.0,0.9402681142091752,0,3,0,6,0,2,84,141,32,0,2
296,2fab,,2.0,0.0,0.9946581292897464,1,8,1,5,1,0,60,81,35,3,0
297,f6aa,,1091.0,423.0,1.10298740118742,1,2,0,0,0,2,79,66,2,3,3
298,1243,Canada,2.0,0.0,1.053438887000084,1,4,1,5,0,2,32,159,17,2,0
299,e7e6,"San Nicolas de los Garza, Mexico",15.0,0.0,0.9867891240864992,0,2,0,5,2,1,80,231,43,2,4
300,7a40,,7.0,0.0,0.8069206774234772,0,9,0,0,1,0,81,207,24,1,0
301,625,"Ankara, T√ºrkiye",26.0,135.0,1.0599863342940807,0,6,1,5,0,1,58,93,34,3,4
302,eb55,,5.0,10.0,1.1539981365203855,1,6,1,4,1,2,91,6,7,3,2
303,c884,,71.0,4.0,0.8186251223087311,7,0,0,2,0,43,36,49,3,3,0
304,ae89,,1.0,0.0,0.0,0,8,0,0,2,3,4,159,17,0,1
305,5122,Êñ∞ÂÆøÂå∫,18517.0,45920.0,0.9176334515213966,0,2,0,5,2,2,24,198,24,0,1
306,8469,,821.0,4339.0,1.2192618250846865,0,5,1,3,2,2,6,117,50,2,4
307,5c44,,78.0,0.0,0.7680944204330444,0,8,1,1,2,2,58,102,38,2,4
308,32B9,,1.0,0.0,0.9898401983082294,0,5,1,4,0,2,20,276,19,1,1
309,e961,,1.0,0.0,1.19384503364563,1,4,1,1,2,1,35,54,46,2,0
310,864c,,3.0,0.0,0.8625070452690125,4,1,1,1,1,59,195,27,3,3,1
311,208,"√úT: 0.52571,101.448067",2977.0,3.0,0.9364300221204758,1,1,0,2,2,0,46,291,22,2,0
312,Deb9,Á¨¨Èõ∂‰∏ãÂõõÂçÅ‰∏ÄÈöéÂ±§ÈÉΩÂ∏Ç„Äå„Ç¢„Çµ„Éí„Ç´„ÉØ„Äç,9484.0,57.0,0.9422179460525512,1,0,0,1,2,1,68,45,19,1,1
313,2.00E+30,,5.0,0.0,1.0191543102264404,0,0,1,5,0,3,48,72,6,0,4
314,EB72,,1.0,0.0,0.0,1,8,0,0,1,1,2,168,23,0,4
315,3c52,,98.0,0.0,0.7211018204689026,0,0,0,4,0,3,10,183,21,2,1
316,90ea,,309.0,2841.0,0.9654181972146034,0,0,1,3,0,0,75,9,2,1,2
317,AE70,,2.0,0.0,0.0,0,0,0,4,2,1,45,183,38,1,3
318,1128,,27.0,0.0,1.078117348253727,0,3,1,6,1,1,24,51,15,0,3
319,7678,,52.0,2.0,0.9470536187291144,1,3,1,3,1,2,6,138,14,2,2
320,3B44,,1.0,0.0,0.0,0,1,0,2,2,0,56,237,44,0,0
321,A169,,1.0,0.0,0.8541007786989212,1,3,0,6,2,3,16,210,4,1,3
322,4371,,13.0,0.0,1.008357860147953,1,2,0,2,1,2,99,288,50,3,2
323,13b8,,1.0,0.0,0.0,0,3,1,1,1,2,19,90,9,1,0
324,83b3,"Johannesburg, South Africa",45.0,0.0,0.8022820353507996,0,1,0,3,0,3,27,48,32,0,3
325,812d,,9.0,0.0,0.9456734955310822,1,0,0,0,0,0,96,102,18,3,4
326,a102,Queensland australia,133.0,453.0,1.1018823981285095,0,6,1,1,1,3,75,282,27,1,1
327,D659,,2.0,0.0,0.8858307600021362,0,1,5,2,1,16,234,44,2,1,1
328,dcaa,,3.0,0.0,0.8849873170256615,1,2,1,2,2,3,71,75,17,2,3
329,95cc,„Éï„Éº„Ç∑„É£Êùë,11.0,0.0,1.086242362856865,1,1,1,4,1,0,77,228,17,0,3
330,e5ff,"Madison, WI",336.0,3.0,1.047485068440437,1,3,0,2,1,3,7,102,37,0,0
331,74a3,madrid,1.0,0.0,0.0,1,7,1,3,1,0,74,51,4,2,1
332,c46d,,1.0,0.0,1.19384503364563,1,3,1,1,0,3,86,246,29,1,1
333,F3b6,,2490.0,543.0,1.104421965777874,0,7,1,1,0,1,96,243,50,3,2
334,541D,,5.0,226.0,1.0156171396374702,0,3,0,5,1,0,14,120,12,1,2
335,150c,,2.0,0.0,1.005084991455078,1,4,1,6,2,1,71,105,30,0,2
336,e451,Bandung,164.0,5443.0,0.9654181972146034,1,4,1,3,0,0,52,18,19,3,2
337,198a,"Ê®™ÊµúÂ∏Ç
",599.0,9.0,1.119960494339466,1,9,1,1,1,0,4,186,7,1,3
338,930E,,11.0,0.0,0.9520473256707191,0,1,0,0,1,1,8,105,15,1,1
339,cca2,,1.0,0.0,1.19384503364563,1,7,0,2,2,3,59,240,5,0,2
340,BA18,,2.0,0.0,0.9585468992590904,0,3,0,6,0,0,83,147,38,1,4
341,FDC2,,6.0,0.0,1.031052567064762,1,3,1,1,0,1,76,228,11,2,2
342,035A,,1.0,0.0,1.0533155091106892,0,6,1,5,2,1,36,255,37,1,4
343,7929,,2.0,0.0,1.1625086069107056,1,8,0,1,1,3,7,123,9,2,2
344,e215,,2.0,0.0,0.9492447674274443,0,1,0,4,1,2,89,75,31,2,1
345,9Bad,,9.0,8.0,1.041048787534237,0,3,0,4,2,0,7,87,8,1,2
346,c1b2,,3022.0,3274.0,0.8634447455406189,1,7,0,5,0,1,53,36,34,0,0
347,7ab3,,5.0,0.0,1.04286315664649,0,3,0,4,2,1,83,36,6,2,3
348,bac7,,1.0,0.0,1.0559814982116222,1,0,0,3,0,1,20,42,13,3,3
349,B507,,1.0,0.0,0.0,0,3,0,0,0,0,43,237,39,0,0
350,fe3d,,12.0,649.0,1.1147805154323578,0,5,1,0,2,3,64,288,45,3,1
351,a2c0,,4.0,0.0,1.0828465223312378,0,2,0,0,1,0,42,252,49,2,2
352,bb9c,EUA,1.0,0.0,1.0562057234346869,1,8,0,5,1,1,86,18,18,1,4
353,bf79,,1.0,1.0,0.8259358704090118,1,4,1,4,0,2,83,189,50,0,1
354,7C8b,,2.0,0.0,0.7776817977428436,0,8,1,5,2,2,100,102,45,3,3
355,BF3C,Budapest,7967.0,562.0,1.0254357811063528,0,8,1,1,1,2,74,174,33,1,1
356,AD22,,4.0,0.0,0.8956739529967308,0,5,1,6,0,2,38,48,9,1,2
357,590A,Paris,5.0,1.0,1.0802365317940712,1,9,1,1,0,1,1,276,35,3,0
358,A135,,2.0,0.0,1.0051963366568089,0,3,1,4,2,1,88,36,1,3,3
359,6020,"Staffordshire, United Kingdom",5.0,1.0,0.9785376209765672,1,7,1,0,2,1,81,231,44,2,1
360,4974,,2.0,0.0,1.039795771241188,0,9,0,4,2,0,80,258,15,1,0
361,7429,,5.0,1.0,0.9681091010570526,1,0,0,6,2,3,77,192,18,2,2
362,be58,,1.0,0.0,1.082700341939926,1,2,0,3,1,2,61,174,5,2,3
363,15f7,"seoul, korea",7.0,0.0,0.8677363395690918,0,8,0,5,2,3,50,285,17,1,1
364,C57D,,1.0,0.0,1.093028075993061,0,9,1,1,2,0,86,246,24,0,3
365,B137,,5.0,1.0,1.10298740118742,0,2,1,0,2,2,31,207,14,0,3
366,D27F,,2981.0,1130.0,1.0559814982116222,0,6,0,4,1,0,28,12,0,0,3
367,3d23,,1.0,0.0,0.0,1,3,0,5,0,2,71,207,42,3,0
368,C4e8,,4279.0,2.0,0.9172818809747696,0,7,1,2,0,1,98,297,45,2,0
369,551a,abu dhabi,2.0,0.0,0.8259358704090118,3,0,2,0,2,35,132,50,0,1,4
370,5674,"10.446194,-66.853089",1.0,21.0,0.9867891240864992,0,1,1,4,2,3,41,75,11,1,3
371,cbc3,Â∑ùÂè£Â∏Ç,14.0,0.0,0.7509730905294418,0,8,1,5,2,2,66,147,27,2,4
372,ddea,,1.0,0.0,1.1625086069107056,0,1,0,1,0,2,23,51,43,3,4
373,A98A,,3.0,0.0,1.0413428470492363,0,3,0,5,2,0,30,78,28,0,2
374,317f,,1.0,0.0,0.0,0,2,1,0,1,3,84,282,4,0,4
375,1000,ÔºòÊ£ü,280.0,0.0,1.1671878844499588,0,5,1,2,1,1,52,12,0,0,0
376,7590,,791.0,352.0,0.933086894452572,1,2,0,3,0,1,79,51,2,2,4
377,278C,,40.0,1.0,1.0802365317940712,1,2,1,0,0,3,52,138,23,0,2
378,BDee,,3.0,0.0,0.9151900261640548,0,5,1,1,2,1,9,105,40,1,1
379,B045,ÿßŸÑÿ∫ÿßÿ∑ ,742.0,0.0,0.8273276686668396,1,1,0,2,2,0,9,288,22,0,3
380,231e,,15.0,2.0,1.0253293216228485,1,9,1,2,1,3,50,273,32,2,3
381,Fa4c,,1.0,0.0,1.2776923775672913,0,7,0,0,2,1,39,117,24,2,0
382,30AF,,2.0,0.0,1.0573278293013573,0,6,0,5,1,2,23,12,38,0,1
383,0Def,,1.0,0.0,1.0209317356348038,0,0,0,2,1,3,40,96,29,0,1
384,91195,,1.0,0.0,1.073998041450977,1,2,1,5,0,3,96,264,22,0,4
385,37912,ÂÆÆÂ¥é,6881.0,30041.0,0.990817315876484,0,1,0,3,1,1,58,267,35,0,4
386,56481,"chattanooga,tn",8.0,17.0,1.055229254066944,0,9,1,2,2,3,33,300,23,2,2
387,36866,37912,652.0,0.0,1.036965385079384,0,8,1,4,0,2,76,48,3,3,4
388,58763,56481,198.0,0.0,1.036965385079384,1,4,1,2,2,2,68,75,12,0,4
389,12798,36866,473.0,0.0,1.036965385079384,1,0,1,4,1,1,37,126,35,3,3
390,ba2ac,58763,521.0,0.0,1.036965385079384,1,3,1,4,1,2,49,78,3,0,0
391,97146,,1.0,0.0,1.1482801586389542,1,4,1,6,2,0,71,141,28,1,1
392,c4442,,5.0,0.0,0.0,1,4,1,5,2,1,14,48,27,3,3
393,FAA86,97146,269.0,0.0,1.0127720925956964,0,0,0,5,0,0,31,195,23,1,4
394,AB417,,7.0,0.0,0.9262204393744468,1,9,0,5,2,1,11,264,28,3,2
395,D861A,,365.0,123.0,0.7211018204689026,1,8,1,3,2,1,46,180,4,1,2
396,7314A,,5.0,0.0,0.9031549245119096,1,8,1,1,2,1,64,231,0,0,1
397,a8e17,,22.0,5.0,0.9932877849787474,1,9,0,3,0,3,58,69,14,3,0
398,c2c24,,2.0,0.0,1.0413428470492363,1,6,1,0,0,0,87,75,39,0,1
399,eccde,,33.0,24.0,0.851489707827568,1,9,1,5,1,2,5,228,12,0,2
400,71964,,9.0,0.0,0.9681091010570526,0,0,1,3,0,0,91,69,21,2,2
401,fbcbc,"Deer Park, NY - Brentwood, NY",20.0,0.0,0.8846927210688591,1,9,1,4,0,1,72,276,20,0,4
402,31643,71964,506.0,0.0,1.1119559109210968,1,9,0,4,2,1,27,42,6,3,0
403,40732,,1.0,0.0,0.9800437502563,1,3,0,6,1,0,11,228,3,3,3
404,39931,31643,107.0,0.0,1.036965385079384,0,9,0,5,0,2,31,123,47,2,3
405,31620,,1.0,0.0,0.0,1,4,1,3,0,0,61,300,12,1,1
406,c4713,,3.0,0.0,0.9121645241975784,0,6,0,5,0,3,19,171,15,3,1
407,0de16,31620,157.0,0.0,1.036965385079384,1,1,0,0,2,3,79,24,17,1,0
408,70632,,1.0,0.0,1.0235035512596369,1,6,0,6,1,1,63,135,42,0,3
409,bdbad,,405.0,24.0,1.0559814982116222,1,6,0,1,2,2,18,126,4,0,2
410,8a9d1,70632,227.0,0.0,1.1119559109210968,0,1,1,6,2,1,9,210,0,2,2
411,ea7ec,sky,3.0,2.0,1.0156171396374702,0,1,1,5,1,2,43,276,21,2,1
412,89193, ,41746.0,4.0,0.6803623735904694,9,0,3,2,0,22,42,34,0,1,4
413,39024,,1.0,0.0,0.0,1,9,0,2,0,0,25,156,21,3,4
414,7412C,Êú≠ÂπåÂ∏Ç,30.0,2.0,0.9681091010570526,0,5,1,4,2,0,60,3,50,2,0
415,33892,,6.0,2.0,0.9402681142091752,0,0,0,5,1,3,27,81,21,3,2
416,83725,,2.0,1.0,0.0,0,5,1,0,2,2,84,36,12,2,0
417,94733,,1.0,0.0,0.0,1,9,1,1,0,1,65,162,1,0,0
418,c7452,,4.0,0.0,1.2696378827095032,0,0,0,0,0,0,28,270,15,2,0
419,37684,,2.0,0.0,0.7680944204330444,1,6,0,6,1,0,96,204,35,0,2
420,77422,Antigua,1.0,0.0,0.9780221357941628,0,3,0,6,0,2,75,24,46,2,0
421,67460,37684,482.0,0.0,1.0127720925956964,1,0,1,0,2,1,64,9,8,1,4
422,acb74,77422,356.0,0.0,1.036965385079384,1,4,1,2,1,3,39,210,37,3,3
423,20733,67460,1187.0,0.0,1.036965385079384,0,7,1,6,0,3,28,237,30,2,3
424,cccb5,,34.0,84.0,0.0,0,0,1,5,1,1,33,84,40,2,4
425,445F3,20733,482.0,0.0,1.036965385079384,1,1,1,6,2,1,95,45,44,0,0
426,ce77c,,8429.0,123.0,0.9195539951324464,1,0,0,0,2,3,23,261,21,0,0
427,53393,,76.0,25.0,1.031052567064762,0,1,1,0,2,0,39,90,41,3,4
428,38119,,353.0,19063.0,0.7211018204689026,1,7,1,2,2,1,6,117,15,1,1
429,2066D,,1.0,0.0,1.0676111727952955,0,3,1,0,1,1,71,93,46,0,4
430,77458,38119,3924.0,0.0,1.0297994911670685,1,7,1,5,0,2,86,219,7,3,0
431,116Ed,,1.0,0.0,0.0,0,0,1,6,2,1,47,153,46,0,0
432,28b6e,77458,107.0,0.0,1.036965385079384,1,1,1,6,1,3,27,3,6,0,4
433,46182,,1.0,5.0,1.421574980020523,1,4,1,3,0,3,43,24,8,0,3
434,19a53,,1.0,2.0,1.1493778079748154,1,2,0,5,1,2,3,204,23,0,3
435,abc80,46182,343.0,0.0,1.1119559109210968,1,4,1,5,1,1,80,171,19,3,3
436,4875D,,16.0,2.0,0.8659365177154541,1,9,1,4,1,2,95,252,45,2,1
437,16140,,1.0,8.0,0.9173177033662796,1,1,1,6,1,2,5,87,37,3,4
438,181Ad,,20.0,0.0,1.1974967569112778,1,2,0,2,1,0,14,111,48,1,1
439,D2889,16140,164.0,0.0,1.036965385079384,0,7,1,5,2,1,91,219,29,1,3
440,b3b15,London,21.0,0.0,1.0608867071568966,0,6,1,2,0,2,54,264,36,0,4
441,93401,,43.0,0.0,1.0599863342940807,0,8,1,5,0,3,33,12,38,1,0
442,38127,,984.0,129.0,0.9785376209765672,1,0,0,1,2,1,70,93,43,2,1
443,15A012,93401,2401.0,0.0,1.1119559109210968,0,1,0,0,1,0,22,3,47,2,0
444,458466,38127,2487.0,0.0,1.0297994911670685,1,0,1,4,2,3,69,90,41,2,1
445,12417B,,1.0,3.0,0.9977667406201364,1,2,1,5,2,2,76,78,12,3,0
446,01949B,,1.0,0.0,0.9121645241975784,0,6,1,2,1,0,52,57,6,0,0
447,3baade,,180.0,6.0,0.980685282498598,0,9,0,1,2,1,46,120,6,0,3
448,1200Ff,,14.0,0.0,0.8332306146621704,0,3,0,2,0,1,36,3,14,2,1
449,b91017,,1.0,0.0,0.0,0,8,1,3,2,3,37,36,47,2,3
450,303494,,1211.0,328.0,0.9485849291086196,0,8,1,6,0,1,57,105,49,3,3
451,df1060,,118.0,4646.0,0.9239647537469864,1,9,1,1,0,1,73,54,15,2,2
452,66116E,,10.0,0.0,0.912959411740303,1,1,0,6,2,1,74,165,30,3,2
453,0ff5ec,,1.0,0.0,0.8853742182254791,0,8,1,0,2,3,27,126,9,2,3
454,54da10,,19.0,12.0,0.9349887445569038,1,1,1,1,2,2,97,99,3,1,2
455,Befa99,,27.0,25.0,0.9494421482086182,0,2,1,0,1,2,26,21,50,0,3
456,686430,,1.0,0.0,1.0156171396374702,1,3,0,6,0,2,39,219,41,0,1
457,800801,,6.0,1.0,1.0973901748657229,0,3,0,2,2,0,97,12,43,3,4
458,941419,,1.0,0.0,0.9396997019648552,0,9,0,3,0,0,5,123,30,2,3
459,2929a1,,19.0,1.0,0.7522224485874176,0,1,0,0,0,3,45,108,24,2,4
460,aebd83,sa,5.0,4.0,0.9151900261640548,0,0,1,0,2,3,27,255,43,0,3
461,77aa50,,26.0,7.0,1.0481603480875492,1,8,1,0,0,3,75,165,24,3,3
462,C22006,,2.0,0.0,0.944730207324028,1,1,1,2,1,3,23,261,29,0,2
463,996176,,2.0,7.0,0.8853742182254791,1,8,0,2,2,3,58,228,49,2,4
464,195967,,238.0,86.0,0.0,0,9,1,4,2,3,65,105,30,0,4
465,D44120,"–ú–æ—Å–∫–≤–∞, –†–æ—Å—Å–∏—è",68.0,9.0,1.1327413469552994,0,6,0,4,1,2,50,234,5,3,4
466,00011A,,24.0,15.0,1.1401806473731997,1,9,0,5,0,1,27,75,42,3,0
467,752711,,1.0,3.0,0.0,1,3,0,0,1,0,77,72,45,2,1
468,_linlef,,3354.0,3960.0,0.953391432762146,0,9,1,1,2,2,62,45,29,0,3
469,JiaheZhang1997,"Dores de Campos, Brasil",61.0,274.0,1.1242339313030243,0,2,0,5,2,3,23,12,7,0,2
470,Yanghuikang1,,2842.0,9351.0,1.003276027739048,0,7,0,0,1,3,3,141,2,2,4
471,RoulanyishuiYHC,Hebei China,980.0,1877.0,0.8808621540665627,0,5,1,5,1,0,34,204,3,3,3
472,ChanJoe18,,12591.0,73243.0,0.8551642447710037,1,3,0,5,1,3,6,144,8,3,3
473,Lanzhouer,People's Republic of China,9078.0,51266.0,0.8991879969835281,0,3,1,1,1,1,1,267,31,2,0
474,HENG0621,,2802.0,4242.0,0.942033164203167,0.784705177,0,8,1,5,0,0,93,195,22,3
476,discountzuzu,Lanzhou City in PRC,3010.0,4415.0,1.020199529826641,1,7,1,0,2,2,53,66,3,2,2
477,cryptodatawiz,"‰∏äÊµ∑, ‰∏≠Âçé‰∫∫Ê∞ëÂÖ±ÂíåÂõΩ",79.0,140.0,0.777536615729332,0,9,1,1,0,2,21,57,9,0,0
478,bitch_built,"Alabama, USA",16976.0,16761.0,1.0804874300956726,1,6,1,1,2,3,90,192,36,0,4
479,wuwalida,"cw: naruto , mha , kny
cr: dog and scum , six of crows

‚ô•Ô∏étwenty
‚ô°she her
‚ô•Ô∏é an aizawa kinda gal",14677.0,24178.0,1.0157796293497086,1,3,1,6,1,2,94,135,5,1,2
480,Quan697,,135.0,184.0,1.0525043942034245,0,8,0,1,2,3,49,186,30,0,3
481,Mitsos_Arx,She/Her,3682.0,11203.0,0.86112380027771,1,8,0,3,2,0,49,249,48,1,4
482,MightyGoatWitch,,9.0,8.0,0.875831663608551,1,6,1,3,0,0,54,27,13,3,3
483,Marklord117,,4.0,1.0,0.937177911400795,0,8,0,0,0,3,27,183,14,0,3
484,BraveEmblem17,Iron City Greek Sector,369.0,3535.0,0.8724387586116791,0,0,1,6,2,3,63,141,16,0,2
485,HaominLiaizg,My Bed,196.0,100866.0,1.0359938517212868,1,0,0,5,0,0,21,54,1,3,1
486,mark19676,,405.0,18.0,0.7680944204330444,0,6,1,4,2,0,26,33,39,1,1
487,lejinjin,In a place far far away,11419.0,58486.0,1.0139241367578506,1,7,1,1,0,0,85,294,25,0,0
488,YangNa18,‰∏≠ÂõΩÂåó‰∫¨,4517.0,14018.0,1.159744456410408,0,2,0,1,1,0,72,261,5,2,3
489,Ad4GrY4hiBsiChB,,500.0,653.0,1.32179394364357,1,6,1,0,0,2,70,252,33,2,0
490,Ages_Emporium,,2901.0,10364.0,0.9200815930962564,1,2,0,1,0,1,35,279,35,0,4
491,mikahisudaily,,867.0,722.0,0.990357294678688,1,3,1,2,0,3,18,147,39,2,0
492,_simoneart_,,1803.0,331.0,0.981253469362855,1,8,1,4,2,0,38,93,46,1,4
493,_dirtyiron_,,14168.0,56514.0,0.7680944204330444,1,8,1,5,0,3,19,222,41,3,3
494,issaanoahh,him/she admin. | not spoiler free.,9.0,0.0,0.8126310110092163,0,6,0,4,2,0,36,141,9,3,4
495,Itzvanessa16,Minor ,6968.0,46689.0,1.0359938517212868,0,6,1,5,1,2,26,225,6,2,3
496,arthfobic,,99.0,15.0,0.9543916657567024,0,7,0,4,2,1,79,201,26,2,4
497,GilpatrickTl,"Los Angeles, CA",2597.0,14786.0,0.9494421482086182,0,3,0,1,0,0,5,39,45,2,3
498,23Fujitsu,,1.0,5.0,0.8902284204959869,0,5,1,5,0,1,27,297,10,3,2
499,Physiolmy,to owners of content,435.0,2768.0,0.9609419256448746,0,6,0,1,0,3,73,42,34,2,3
500,AyikoruLisa,Washington State,807.0,389.0,0.9973675683140756,1,1,0,0,0,2,45,54,40,0,4
501,charlotteauman1,Morocco,1393.0,10131.0,1.074537642300129,0,2,0,1,2,0,100,51,41,2,4
502,superjanella,The State of Palestine,578.0,2407.0,0.9951268136501312,1,6,0,4,1,2,83,78,3,3,0
503,Cade44,,57.0,276.0,1.0412974655628204,1,8,0,4,0,1,10,201,19,2,0
504,619919,,1868.0,4582.0,1.074537642300129,0,2,0,4,2,1,69,195,22,1,2
505,032Dac,Wonderland,12769.0,1862.0,0.9494421482086182,1,2,1,6,1,2,12,183,15,0,3
506,255050,,2.0,0.0,1.0597818866372108,1,2,0,3,0,2,91,258,32,3,3
507,333032,gulbarga,2.0,0.0,1.1706494987010956,1,0,0,4,0,0,83,282,2,1,0
508,602121,,93.0,216.0,1.0143425278365612,0,3,0,6,0,0,31,228,7,3,3
509,aa0065,,2.0,0.0,0.9797067865729332,0,1,1,1,0,0,19,177,43,0,1
510,EA7885,,8.0,7.0,1.0862761735916138,0,8,1,4,0,0,56,201,22,2,3
511,166465,ÿµÿ≠ŸÅŸä ŸàŸÉÿßÿ™ÿ® Ÿàÿ¥ÿßÿπÿ±,1.0,0.0,0.912959411740303,1,6,1,0,1,3,93,231,4,2,4
512,f10944,,997.0,149.0,1.071427397429943,1,3,1,5,2,2,76,93,11,0,2
513,fed8631,,21762.0,30071.0,1.2492012530565262,0,7,1,5,2,0,44,21,45,3,0
514,1243759,VILLAHEERMOSA TABASCO,24.0,0.0,0.988150492310524,1,1,1,1,1,2,78,291,39,2,4
515,8224225,,9.0,0.0,1.093028075993061,1,0,1,5,0,0,52,90,11,1,4
516,cdeaf,,5.0,0.0,0.9982674568891524,1,8,1,4,2,1,35,162,11,0,2
517,9559a,,7.0,0.0,0.9494421482086182,1,7,0,3,2,0,87,141,27,1,4
518,fadef,,1.0,0.0,0.0,1,3,1,0,1,1,59,204,49,3,4
519,C1164,,1.0,0.0,1.0573278293013573,1,7,1,3,0,3,81,126,39,0,0
520,Fb25F,,3.0,48.0,0.0,0,9,1,4,0,2,42,108,43,0,1
521,Cad80,Curitiba,7.0,0.0,1.2421128451824188,0,6,1,4,1,3,64,114,13,1,2
522,DFD89,,5.0,0.0,1.0804874300956726,1,4,1,6,2,0,71,141,38,3,0
523,DA6b0,,1.0,0.0,0.9336685016751288,0,3,1,4,1,3,55,111,24,0,0
524,Ede1D,,7.0,0.0,1.108118899166584,0,1,1,2,0,2,65,126,14,2,1
525,72402,Mbabane/Swaziland,1.0,0.0,0.9137233570218086,1,8,0,6,0,2,88,246,45,3,2
526,adc88,,3.0,5.0,1.0701694712042809,1,6,1,2,2,3,28,285,1,3,4
527,8224225,,1.0,0.0,0.8834892213344574,0,0,1,2,0,0,84,297,21,2,0
528,26731,,4.0,0.0,0.9868346899747849,0,6,1,0,2,0,85,9,43,2,4
529,67Aea,USA/Germany,68.0,0.0,0.968546975404024,0,6,1,2,2,1,36,246,5,2,0
530,a3561,,1.0,0.0,0.0,0,1,1,5,1,3,21,87,48,0,4
531,91300,26731,173.0,0.0,1.036965385079384,0,1,1,6,2,2,32,291,23,0,1
532,17833,,6.0,516.0,0.0,1,2,1,6,2,1,69,141,25,3,1
533,2040F,,1.0,0.0,0.0,0,6,1,0,1,2,21,153,37,0,0
534,C2482,Ê≠åËàû‰ºéÁî∫^_^,1749.0,2483.0,1.0841176211833954,1,3,0,0,2,1,32,39,29,2,3
535,c9901,17833,219.0,0.0,1.1119559109210968,0,6,1,2,1,2,18,24,9,1,4
536,57058,,6.0,0.0,0.9147016704082488,0,7,1,4,0,3,18,108,16,3,0
537,Cc91C,,3.0,0.0,0.9286982864141464,0,3,0,0,2,2,77,279,31,0,0
538,fafba,mexico,1.0,1.0,0.0,1,3,1,5,1,1,83,102,8,3,2
539,ae995,57058,201.0,0.0,1.036965385079384,0,0,1,6,1,0,15,39,4,3,3
540,FAFC4,,1.0,0.0,0.9345802888274192,1,2,1,2,0,2,91,270,21,0,3
541,f9b99,,4.0,0.0,1.0347533822059631,0,9,0,0,1,2,65,204,45,1,1
542,b14d3,,39.0,55.0,0.7680944204330444,0,9,1,3,2,1,25,279,7,3,4
543,FF2F8,,281.0,250.0,1.09389790892601,1,9,1,3,0,0,78,6,22,2,3
544,96093,,26.0,0.0,1.0866925567388537,1,9,0,1,1,1,81,60,30,0,0
545,73553,,5.0,0.0,1.2065321207046509,0,5,1,6,2,0,25,276,25,0,0
546,b35b2,,89.0,3.0,0.944730207324028,1,9,0,3,2,2,53,264,26,3,2
547,cac0e,96093,423.0,0.0,1.0127720925956964,1,7,1,0,0,3,14,81,4,0,2
548,3711F,73553,389.0,0.0,1.036965385079384,1,1,1,3,1,1,69,144,16,1,3
549,44126,,14.0,37.0,0.71585413813591,0,8,1,4,2,1,43,216,50,0,1
550,D0172,United Kingdom,213.0,609.0,1.0802365317940712,0,7,0,0,1,3,22,180,31,0,4
551,36382,,2411.0,661.0,1.203680619597435,1,4,1,0,0,1,97,117,46,1,2
552,ead29,44126,2760.0,0.0,1.036965385079384,0,5,1,6,0,2,28,141,43,0,3
553,59045,J.town,1.0,0.0,1.111045479774475,0,5,1,4,0,3,80,51,45,1,3
554,baad6,,1.0,0.0,0.0,1,6,1,3,0,1,82,216,42,2,2
555,bd2db,,9.0,8.0,1.0609857849776745,1,4,1,0,1,3,71,66,28,3,0
556,619bd,,2.0,0.0,1.0145633183419704,0,5,1,1,2,1,13,102,8,2,2
557,dabc4,,1.0,0.0,1.0235035512596369,0,1,1,3,1,0,42,294,16,1,0
558,D7Aa9,,1.0,0.0,0.0,0,9,1,5,1,0,18,66,7,3,0
559,d2d2a,,1.0,0.0,0.0,0,7,0,5,2,1,65,162,31,3,2
560,70062,,1.0,0.0,0.0,0,3,0,4,0,2,60,99,31,0,3
561,fc295,,232.0,123.0,1.0481603480875492,1,3,1,2,0,3,56,165,29,3,0
562,a28a1,,3.0,3.0,1.0529789365828035,1,4,1,5,2,0,36,18,24,0,2
563,F5472,70062,902.0,0.0,1.036965385079384,0,6,0,5,2,3,100,201,5,0,4
564,38317,NY and LA | 80/20,5560.0,0.0,1.0773392766714096,1,8,0,1,1,2,55,15,12,0,0
565,72510,,1.0,0.0,0.8000764548778534,1,2,1,4,0,0,84,189,43,2,0
566,edaa4,,1.0,0.0,0.0,1,7,0,5,0,0,99,213,42,1,0
567,20169,38317,217.0,0.0,1.036965385079384,0,6,1,6,0,1,69,174,2,2,0
568,0ff10,‰∏çÊØõÂú∞Â∏Ø,30610.0,1463.0,1.1167526692152023,1,6,1,6,2,3,54,27,33,1,0
569,Dad80,,1.0,0.0,0.0,0,0,0,1,0,1,77,216,34,3,2
570,65711,20169,675.0,0.0,1.036965385079384,1,0,0,0,0,2,91,105,46,1,1
571,0942C,,4.0,0.0,0.9402681142091752,1,8,1,3,0,1,25,93,25,1,0
572,64946,,2.0,20.0,0.8461157530546188,1,7,0,2,1,3,53,282,15,1,4
573,56699,65711,333.0,0.0,1.036965385079384,1,6,0,2,0,1,18,87,47,2,2
574,bcc22,,15.0,76.0,1.3031525909900663,1,7,0,2,0,1,75,114,39,3,1
575,58551,,3.0,0.0,0.8147273063659668,0,5,1,4,2,2,46,102,24,0,4
576,BF345,Saude,21.0,15.0,0.9470536187291144,1,0,0,6,2,3,10,9,40,2,3
577,C1340,,580.0,32.0,0.7680944204330444,0,0,0,0,2,3,22,291,43,2,4
578,7a031,,3.0,0.0,0.0,0,5,1,2,1,2,92,96,18,0,2
579,1Aa00,,543.0,0.0,1.10298740118742,0,7,0,0,2,3,95,63,2,2,1
580,5599E,,212.0,1.0,1.121540129184723,1,3,0,5,1,1,79,222,49,1,4
581,fcce4,setagaya,194.0,2.0,0.9715986214578152,1,3,1,0,1,1,100,264,42,2,2
582,a3920,,28438.0,0.0,1.1725576221942902,0,1,0,6,0,1,53,165,8,2,3
583,4303E,,75.0,0.0,1.0395486131310463,0,8,1,4,0,0,30,99,12,0,2
584,56307,,3.0,6.0,0.0,0,8,0,4,2,2,74,279,1,3,3
585,224Ae,ÿßŸÑŸäŸÖŸÜ ,32.0,2.0,0.9141490533947944,0,7,1,2,0,1,98,15,15,0,1
586,0048f,,2558.0,2819.0,1.059880547225475,0,2,1,4,2,3,16,3,35,2,3
587,67536,56307,315.0,0.0,1.036965385079384,1,2,0,4,1,3,27,255,9,1,1
588,18Dea,,30.0,4.0,1.0359938517212868,0,9,0,2,2,0,58,228,0,0,2
589,a9354,,2018.0,1.0,0.932648040354252,6,1,2,2,2,39,111,50,2,1,2
590,ff0c1,Brasil,1.0,0.0,0.846106544137001,0,6,0,0,2,0,46,156,1,2,4
591,66961,,2.0,0.0,0.0,0,0,1,0,1,0,30,33,4,0,3
592,C0056,„Åä„Åä„Åï„Åã„ÅÅ,8.0,0.0,0.8996988236904144,0,7,1,5,2,3,17,150,22,1,4
593,65Caa,ÿßŸÑŸÑŸá Ÿàÿ£ŸÉÿ®ÿ±,6125.0,1.0,0.9151900261640548,1,3,1,4,0,2,42,144,36,3,4
594,6171E,,14.0,0.0,1.0637188106775284,1,2,0,5,2,3,57,165,35,2,0
595,cada4,,3.0,0.0,1.0597818866372108,1,1,1,2,1,3,57,57,27,3,2
596,3702e,,5.0,0.0,0.9188367426395416,1,8,0,1,1,1,95,75,4,2,2
597,0f038,,16.0,0.0,1.1035766154527664,1,2,0,5,1,0,28,267,2,1,2
598,15828,,1.0,0.0,0.9618264697492124,0,7,0,5,2,2,38,93,44,0,4
599,79a9a,Java,35.0,4.0,1.0404738262295723,1,1,1,3,0,3,38,162,41,2,4
600,d3f4c,,6.0,31.0,0.0,0,1,0,5,2,2,74,294,26,1,0
601,28b93,15828,179.0,0.0,1.036965385079384,0,6,0,5,0,0,62,222,28,1,4
602,20Bbc,Qatar,426.0,0.0,1.2121745944023132,1,9,1,0,1,2,13,276,42,3,4
603,ddefa,,1.0,0.0,0.0,1,7,1,3,1,2,45,96,19,2,0
604,67109,,7.0,6.0,1.0402002781629562,0,0,1,4,1,0,87,6,41,1,2
605,72274,,25.0,0.0,0.896741971373558,1,1,1,6,0,0,14,90,7,3,3
606,CC424,,633.0,10699.0,1.2770568132400513,0,3,0,1,1,2,53,51,8,3,2
607,AA8DD,67109,536.0,0.0,1.036965385079384,1,4,1,1,1,0,60,165,27,0,2
608,44529,,12.0,0.0,0.901950553059578,1,4,1,2,1,1,86,210,23,1,1
609,DFeda,,1.0,0.0,0.8218554258346558,0,0,0,0,0,0,61,123,2,0,1
610,66835,,39.0,450.0,0.8659365177154541,1,1,1,1,2,3,91,105,25,0,3
611,98902,ÊúÄËøëÂ∑ùÂ¥é„Å´,20.0,0.0,0.8898808881640434,0,6,0,3,0,2,53,243,38,2,3
612,46550,,4.0,2.0,0.9456734955310822,0,8,1,5,2,3,48,222,41,0,3
613,70800,66835,308.0,0.0,1.036965385079384,0,6,1,5,1,1,12,219,7,2,1
614,12173,98902,531.0,0.0,1.1119559109210968,0,3,0,6,2,3,43,135,44,3,2
615,E3665,46550,362.0,0.0,1.036965385079384,1,6,1,1,2,1,80,231,7,2,2
616,ae735,,3.0,0.0,0.8094417601823807,0,0,1,6,0,2,33,36,23,2,2
617,6EAF6,12173,337.0,0.0,1.036965385079384,1,1,1,3,0,3,37,30,47,1,1
618,48478,,1.0,0.0,0.0,0,5,1,4,0,2,48,240,21,1,0
619,E9811,,8.0,0.0,0.9363942742347716,0,5,1,1,2,0,58,87,26,3,2
620,87887,,1.0,0.0,1.249795600771904,7,1,2,2,0,91,180,11,3,3,1
621,Bc477,,44.0,0.0,1.1160308718681335,1,3,1,6,1,2,62,9,37,1,4
622,DbFd8,,1.0,0.0,1.064692847430706,1,8,0,5,2,3,80,141,38,3,0
623,53716,,,,,1,7,1,4,1,0,56,12,7,1,3
624,10039,,,,,1,2,1,4,2,3,57,66,17,0,2
625,3B14,,,,,0,6,0,4,1,3,15,15,34,1,0
626,fa14,,,,,0,8,1,3,2,2,99,207,33,2,4
627,f14b,,,,,0,2,1,3,2,2,53,234,47,0,2
628,daa8,,,,,1,1,1,1,1,3,80,228,2,2,3
629,1365,,,,,0,0,0,2,1,3,41,174,22,2,2
630,18ba,,,,,1,8,0,0,0,3,94,123,9,3,4
631,c0ca,,,,,1,2,1,0,2,0,32,3,24,3,0
632,C06E,,,,,0,2,1,1,2,0,69,90,35,2,2
633,3Cec,,,,,0,5,1,5,1,1,7,66,23,0,3
634,B4FF,,,,,1,6,0,6,0,0,55,222,44,2,4
635,f1cb,,,,,0,2,1,2,2,1,21,264,24,3,1
636,df11,,,,,1,0,1,3,2,2,50,183,44,2,0
637,cdf4,,,,,0,7,1,2,1,0,53,144,12,2,2
638,bcef,,,,,0,2,0,3,0,3,55,159,36,2,3
639,53b1,,,,,0,6,1,6,0,1,24,297,17,1,0
640,225A,,,,,0,9,0,4,1,1,87,258,33,2,2
641,1119,,,,,1,9,0,5,2,0,68,273,49,1,4
642,B20e,,,,,1,3,1,6,0,1,13,18,47,3,4
643,83ce,,,,,0,8,0,6,1,0,85,198,45,2,0
644,f88f,,,,,0,2,1,4,1,3,98,165,3,0,0
645,E444,,,,,1,7,1,2,1,1,78,42,18,2,1
646,2551,,,,,0,2,1,5,0,0,41,273,48,2,0
647,D21C,,,,,1,9,1,5,0,0,57,87,50,3,2
648,ba26,,,,,0,5,1,6,1,3,56,75,49,1,3
649,1917,,,,,0,3,1,3,0,3,63,27,37,3,3
650,d750,,,,,1,2,1,4,0,0,67,30,46,2,4
651,FD47,,,,,0,8,1,5,0,0,8,300,19,2,2
652,286c,,,,,7,1,0,1,1,34,276,22,1,1,2
653,BB20,,,,,1,6,1,6,0,3,43,84,38,0,3
654,3D56,,,,,1,1,0,4,0,3,23,156,9,3,1
655,1872,,,,,0,0,1,4,0,3,93,195,46,1,3
656,86A5,,,,,1,2,1,2,2,1,55,168,13,1,3
657,704b,,,,,1,3,0,4,0,2,94,228,34,1,1
658,4346,,,,,1,1,0,5,2,3,34,60,36,0,4
659,60Ff,,,,,0,0,1,1,1,1,18,249,2,3,4
660,ee25,,,,,1,8,1,4,0,0,37,15,0,2,4
661,B569,,,,,1,6,0,2,0,0,4,171,8,2,2
662,c746,,,,,0,3,0,1,0,2,81,114,25,0,4
663,acbe,,,,,0,2,0,1,0,3,22,156,33,0,3
664,6391,,,,,0,8,1,3,2,2,55,78,27,0,4
665,92F4,,,,,0,5,1,3,0,2,34,9,50,0,0
666,b97a,,,,,0,8,1,3,0,1,48,36,8,1,0
667,F130,,,,,1,7,0,1,1,1,39,267,3,3,2
668,a78b,,,,,0,3,0,2,1,3,31,246,41,1,2
669,d66d,,,,,1,7,0,2,0,3,74,147,27,2,1
670,c47b,,,,,0,6,0,4,1,1,37,111,11,3,0
671,e2b1,,,,,1,4,1,0,2,2,77,21,25,3,3
672,239E,,,,,1,6,0,1,0,0,13,93,19,0,1
673,ae86,,,,,1,8,1,4,1,3,58,273,1,1,0
674,3517,,,,,1,4,1,1,2,3,56,18,16,2,0
675,a398,,,,,1,0,0,1,2,0,66,198,31,0,1
676,d740,,,,,0,0,0,0,1,2,87,171,31,0,1
677,8800,,,,,0,3,1,3,0,0,73,168,33,1,2
678,D263,,,,,1,6,0,1,1,2,40,291,7,3,0
679,5def,,,,,1,8,0,6,1,2,69,96,13,0,1
680,E24E,,,,,1,6,0,3,1,0,14,54,8,2,2
681,076e,,,,,1,4,1,3,2,3,8,240,1,2,2
682,DB07,,,,,0,8,1,4,2,0,28,147,11,3,2
683,dd3c,,,,,9,0,5,0,0,86,189,25,1,2,0
684,17D3,,,,,0,6,1,2,0,2,99,39,50,3,0
685,939e,,,,,0,0,1,6,2,2,28,237,40,1,3
686,f092,,,,,1,9,0,2,0,3,52,171,4,1,2
687,9c2e,,,,,1,8,1,2,0,1,73,153,2,0,4
688,07A4,,,,,0,7,1,3,0,2,51,258,26,2,0
689,d09b,,,,,1,6,0,6,0,1,49,282,22,3,3
690,3376,,,,,1,0,1,2,2,3,86,123,6,3,1
691,9caa,,,,,1,1,0,4,2,0,32,93,38,3,0
692,4A04,,,,,1,7,1,2,2,2,99,291,20,2,0
693,1414,,,,,1,2,0,1,0,3,59,270,2,3,0
694,7C8b,,,,,1,3,1,3,1,1,10,42,47,3,0
695,3add,,,,,1,9,0,5,1,2,18,3,20,3,1
696,1024,,,,,0,8,0,0,2,1,99,153,32,0,2
697,81Fd,,,,,0,1,0,0,2,1,32,213,46,0,1
698,b136,,,,,0,8,0,6,1,3,38,48,2,3,1
699,F629,,,,,0,9,1,5,0,1,43,249,42,2,2
700,F20F,,,,,1,1,0,5,0,3,58,105,6,1,3
701,9619,,,,,1,4,1,4,1,2,30,273,24,1,4
702,F91d,,,,,0,6,0,4,0,1,51,198,42,2,1
703,52fd,,,,,0,7,1,1,0,0,55,9,36,1,2
704,311b,,,,,0,6,1,4,2,1,94,72,18,1,4
705,Ed21,,,,,1,4,1,2,0,3,64,81,7,1,2
706,4509,,,,,0,3,0,5,2,3,29,192,44,3,1
707,EAE6,,,,,1,0,0,4,2,0,90,255,19,0,3
708,A336,,,,,0,8,1,1,0,2,29,198,17,3,3
709,D32d,,,,,0,9,0,3,2,3,98,168,33,2,4
710,2baf,,,,,0,7,0,2,1,3,65,69,31,0,0
711,0a20,,,,,0,3,1,1,1,0,95,147,41,3,4
712,0A06,,,,,0,2,1,4,0,1,67,138,27,3,0
713,e321,,,,,0,5,1,2,0,3,5,228,50,0,4
714,5f8f,,,,,1,9,1,1,2,3,17,30,16,3,4
715,000B,,,,,0,2,0,2,2,2,80,78,11,3,3
716,13fc,,,,,0,9,0,4,1,0,3,93,27,0,1
717,529A,,,,,1,6,0,2,2,2,59,201,46,1,1
718,293b,,,,,1,8,0,6,0,0,2,15,13,0,3
719,4724,,,,,1,7,1,5,1,1,83,96,11,3,4
720,6fff,,,,,1,2,1,5,1,1,49,174,26,0,0
721,050E,,,,,1,6,1,2,1,1,75,198,0,0,4
722,99b2,,,,,1,8,0,0,1,3,16,276,6,0,2
723,2016,,,,,0,2,0,6,2,1,46,279,26,0,4
724,86ca,,,,,1,1,0,5,0,0,99,27,48,2,4
725,ef74,,,,,4,1,5,2,2,62,72,32,3,3,2
726,dfc0,,,,,0,2,0,4,1,1,86,189,35,2,3
727,5313,,,,,1,2,0,5,2,1,12,300,50,3,0
728,d120,,,,,0,9,0,2,0,2,11,264,19,2,2
729,9449,,,,,1,4,1,4,0,0,71,204,27,2,0
730,f9d3,,,,,0,8,0,1,1,2,70,231,26,2,0
731,1dab,,,,,1,7,1,4,1,3,13,129,17,0,2
732,9ee4,,,,,0,3,0,3,2,1,44,36,28,3,3
733,102b,,,,,0,0,1,5,1,3,98,180,0,3,3
734,6366,,,,,1,4,1,1,1,2,75,96,32,2,2
735,0aa0,,,,,0,2,1,4,0,3,76,6,9,3,4
736,D31A,,,,,0,2,0,4,1,0,5,147,40,1,3
737,FC47,,,,,1,9,1,0,1,1,75,36,19,2,2
738,1770,,,,,0,6,0,3,1,2,71,219,21,3,2
739,b54e,,,,,1,0,1,6,1,2,25,282,43,0,1
740,2505,,,,,1,2,0,1,1,3,11,183,16,2,0
741,6ae4,,,,,1,1,1,0,1,2,4,168,2,2,4
742,D1DC,,,,,1,3,0,6,0,0,56,168,32,0,0
743,8Ed8,,,,,1,9,1,3,1,0,48,258,22,2,1
744,B202,,,,,1,9,1,4,0,0,33,27,39,0,1
745,2a4c,,,,,1,7,0,2,0,2,20,288,4,0,1
746,afa6,,,,,0,1,0,5,0,0,41,30,35,0,0
747,2ba8,,,,,1,3,0,3,1,0,23,81,22,1,0
748,3193,,,,,1,4,1,1,0,3,25,90,6,3,0
749,36c3,,,,,0,8,0,6,0,0,37,243,46,1,4
750,faf2,,,,,1,7,1,4,1,0,68,207,26,3,1
751,fefd,,,,,0,1,1,0,1,3,95,93,39,3,2
752,c337,,,,,1,4,1,6,1,0,19,129,6,0,3
753,721E,,,,,0,0,0,5,0,1,57,93,23,3,2
754,22cc,,,,,0,0,0,5,2,3,99,144,38,3,1
755,bb03,,,,,0,0,0,6,2,2,34,78,44,1,1
756,9600,,,,,0,1,1,6,1,1,67,27,6,0,2
757,E2A1,,,,,1,6,1,0,2,0,82,48,34,1,1
758,6013,,,,,0,0,1,6,0,3,9,39,5,2,3
759,2aa1,,,,,1,0,0,5,2,3,45,183,17,2,0
760,c993,,,,,0,3,1,0,1,1,79,72,9,1,4
761,5817,,,,,1,0,0,1,2,2,64,237,24,0,1
762,035A,,,,,1,8,1,0,0,3,34,63,48,3,0
763,94,,,,,4,1,2,1,1,94,252,25,0,1,1
764,725F,,,,,0,3,1,1,1,3,6,201,12,3,4
765,3223,,,,,0,7,1,1,2,3,72,60,48,0,3
766,86ca,,,,,1,7,0,4,2,0,35,198,19,3,4
767,e3eA,,,,,1,4,1,3,1,3,43,267,29,0,2
768,a1cd,,,,,0,6,0,2,0,3,34,177,43,2,1
769,A239,,,,,0,7,1,0,2,1,19,57,32,2,3
770,EF90,,,,,1,3,1,3,2,0,39,288,28,1,4
771,4708,,,,,0,5,1,3,0,2,38,84,0,1,3
772,a52e,,,,,0,1,0,1,1,1,81,63,32,2,3
773,20A5,,,,,0,2,1,0,2,0,83,198,17,3,2
774,BC37,,,,,1,2,1,4,2,3,61,231,38,1,0
775,6A09,,,,,0,1,1,1,0,2,55,6,48,0,4
776,D24C,,,,,0,2,1,4,0,0,10,213,26,0,2
777,ba1b,,,,,0,9,1,2,2,3,36,279,25,2,0
778,1438,,,,,1,7,1,0,0,0,68,84,22,1,0
779,8816,,,,,0,8,0,3,2,0,45,18,42,3,0
780,32c2,,,,,0,7,1,5,0,3,45,27,26,3,2
781,bc4b,,,,,1,1,1,1,1,1,50,258,16,3,3
782,722,,,,,0,5,1,4,0,2,45,222,28,3,1
783,cb55,,,,,1,0,0,6,1,1,13,186,32,1,2
784,058A,,,,,4,1,2,2,1,35,99,37,0,3,1
785,ee68,,,,,1,6,1,6,1,3,7,285,36,1,4
786,ae98,,,,,0,1,1,1,0,0,80,177,43,0,2
787,c7c8,,,,,1,9,1,5,1,0,41,3,1,1,2
788,8b20,,,,,1,4,1,4,0,2,1,252,39,3,3
789,D7C5,,,,,1,8,0,6,2,0,35,78,12,0,2
790,2225,,,,,0,3,1,2,0,0,34,285,8,1,1
791,6055,,,,,1,4,1,5,0,0,20,81,14,1,3
792,3533,,,,,1,1,0,3,0,0,27,81,32,3,1
793,D1a4,,,,,0,6,1,6,1,1,34,276,49,1,1
794,A17C,,,,,1,3,0,2,2,3,95,129,41,3,4
795,5ba8,,,,,0,0,1,6,0,0,14,237,47,3,0
796,5057,,,,,1,2,0,1,2,2,95,6,25,1,4
797,B137,,,,,0,9,1,4,2,2,2,132,6,0,1
798,5d62,,,,,0,2,0,0,2,1,18,135,14,2,0
799,3c35,,,,,0,8,1,1,2,3,85,198,44,2,3
800,ff2b,,,,,1,9,1,6,1,3,32,3,44,0,4
801,c7a1,,,,,0,9,0,5,2,0,32,123,34,1,1
802,1148,,,,,1,1,0,3,1,1,60,15,4,0,0
803,d99a,,,,,0,3,0,0,1,3,86,57,35,3,1
804,23A8,,,,,0,9,0,3,2,2,6,264,28,0,2
805,D369,,,,,1,8,0,2,0,2,10,129,0,1,2
806,4D18,,,,,0,3,0,6,2,2,81,51,20,3,3
807,c2bd,,,,,1,2,1,2,0,0,38,225,36,0,3
808,5720,,,,,0,7,1,2,2,1,81,39,42,0,2
809,9635,,,,,0,1,0,4,1,0,34,291,48,2,1
810,241D,,,,,1,7,1,5,0,2,89,156,33,0,4
811,407B,,,,,1,1,0,1,0,3,40,201,32,3,1
812,adad,,,,,1,7,1,6,0,0,10,147,22,0,4
813,22ae,,,,,0,3,1,3,1,1,6,162,31,2,2
814,3605,,,,,1,8,1,0,2,0,46,243,8,2,3
815,ebb5,,,,,1,0,1,6,1,3,90,117,13,1,3
816,ED99,,,,,1,4,1,0,1,2,95,69,49,3,3
817,eb55,,,,,0,7,0,3,1,0,77,72,13,0,2
818,FCE6,,,,,0,7,1,6,0,1,1,156,27,2,4
819,d5a7,,,,,1,9,1,1,1,3,89,60,25,0,1
820,1534,,,,,0,2,1,3,2,3,32,174,35,0,1
821,e5e1,,,,,1,8,1,1,2,3,67,243,10,3,3
822,3B14,,,,,1,9,0,6,0,2,25,273,48,0,2
823,86A5,,,,,0,6,1,1,1,3,80,72,26,1,0
824,f955,,,,,1,3,1,1,1,2,18,228,34,0,1
825,7ad0,,,,,0,9,1,4,0,0,18,270,43,3,0
826,27df,,,,,0,1,1,4,2,1,30,285,15,1,2
827,26BF,,,,,0,1,0,4,2,0,27,36,40,0,2
828,f321,,,,,0,2,0,3,2,2,16,270,0,2,0
829,1511,,,,,1,3,0,3,1,0,68,45,24,2,3
830,D089,,,,,1,4,1,2,2,1,6,165,15,1,4
831,4027,,,,,0,2,1,1,2,1,66,222,2,0,0
832,986B,,,,,1,4,1,4,2,1,88,180,50,1,2
833,6ede,,,,,1,6,0,2,2,2,85,6,49,1,3
834,EA4A,,,,,0,9,1,1,1,1,86,204,2,2,0
835,59Da,,,,,0,3,0,5,2,1,83,96,49,1,3
836,5f4a,,,,,1,2,1,0,2,0,22,264,18,2,2
837,f536,,,,,1,9,0,1,2,1,37,105,46,3,3
838,c993,,,,,1,2,0,0,0,2,66,21,41,2,3
839,C202,,,,,0,8,1,3,1,1,66,159,21,2,4
840,5cac,,,,,1,4,1,5,0,2,92,81,22,2,1
841,8645,,,,,0,0,1,3,0,1,34,213,33,1,3
842,b655,,,,,1,6,0,2,1,1,11,258,23,3,0
843,CC12,,,,,0,5,1,4,1,2,53,144,48,2,3
844,A205,,,,,0,5,1,0,1,2,13,213,16,2,1
845,09de,,,,,1,9,0,1,1,0,9,156,24,1,3
846,3190,,,,,1,4,1,1,0,3,51,123,37,0,4
847,58ba,,,,,0,5,1,2,0,0,19,24,7,2,4
848,e534,,,,,0,2,1,6,0,2,33,9,49,3,0
849,E626,,,,,1,9,1,5,1,0,66,150,20,1,4
850,1ad3,,,,,0,7,0,1,0,2,25,12,49,2,0
851,1104,,,,,0,0,5,2,3,86,39,27,2,3,3
852,5053,,,,,1,2,0,5,1,3,17,300,41,0,0
853,9125,,,,,1,9,1,5,2,3,86,9,28,3,1
854,913D,,,,,0,0,0,3,0,1,5,240,32,0,0
855,f05c,,,,,0,3,0,5,2,0,71,90,39,3,0
856,be1e,,,,,1,4,1,6,2,2,96,198,17,3,1
857,8.00E+88,,,,,7,0,0,2,3,42,63,39,3,0,2
858,ff40,,,,,1,2,0,6,2,2,66,276,48,1,1
859,5d57,,,,,0,7,1,0,0,3,46,114,5,3,0
860,5517,,,,,0,1,0,1,0,1,5,171,6,3,1
861,737d,,,,,1,2,0,4,2,1,30,60,23,1,1
862,1A14,,,,,1,3,1,4,1,0,19,30,27,2,1
863,6121,,,,,1,2,1,3,0,0,92,276,36,2,2
864,6013,,,,,1,3,0,0,2,0,96,54,13,1,4
865,a525,,,,,1,1,1,5,0,3,89,294,37,1,4
866,BD45,,,,,1,3,1,2,0,3,36,123,49,2,2
867,de44,,,,,0,2,0,2,0,0,78,120,2,0,3
868,8022,,,,,1,0,1,0,1,3,4,273,16,3,2
869,82c1,,,,,1,9,1,5,2,3,24,228,11,3,4
870,D1Ed,,,,,1,2,1,5,1,0,16,18,10,2,1
871,847D,,,,,1,6,0,6,1,1,15,228,32,1,3
872,2c38,,,,,0,1,0,6,0,0,78,144,49,2,3
873,587,,,,,1,7,0,0,2,1,86,249,30,2,0
874,BC21,,,,,1,0,1,5,1,3,56,246,44,0,4
875,16Bf,,,,,0,1,1,2,1,2,95,123,48,0,3
876,5bff,,,,,0,0,1,0,2,2,50,177,46,0,2
877,95D3,,,,,1,7,1,2,2,1,6,291,35,3,0
878,0ed1,,,,,0,1,1,1,2,2,74,42,26,2,4
879,dc3e,,,,,0,8,1,0,0,1,62,261,5,3,4
880,bdf8,,,,,1,9,1,1,2,3,54,30,13,2,4
881,2aa1,,,,,0,5,1,1,2,3,100,261,49,1,0
882,1d57,,,,,0,1,0,2,1,1,63,207,30,0,4
883,e471,,,,,1,3,1,5,0,3,7,123,36,3,2
884,1922,,,,,0,6,1,0,1,0,44,192,14,2,3
885,E2A1,,,,,1,9,1,6,0,3,1,147,50,3,4
886,1.60E+10,,,,,1,4,1,1,1,0,90,201,37,1,4
887,a5b6,,,,,0,7,1,0,2,2,1,60,7,1,0
888,6eb1,,,,,1,8,0,5,0,3,8,294,3,3,0
889,7c71,,,,,0,8,1,4,0,1,34,75,20,0,2
890,6371,,,,,1,1,1,3,1,0,19,33,20,1,4
891,fd37,,,,,1,2,1,0,0,2,9,240,7,2,0
892,F1A8,,,,,1,7,0,3,2,2,43,99,47,1,1
893,4331,,,,,1,4,1,0,2,2,79,75,36,3,3
894,9631,,,,,1,0,0,0,2,2,57,126,26,3,3
895,c3c9,,,,,0,6,0,1,1,1,68,3,24,1,1
896,89Eb,,,,,1,6,1,0,0,2,51,156,50,1,3
897,FB99,,,,,0,7,1,4,0,1,39,273,8,1,3
898,b23d,,,,,1,8,1,1,0,1,78,45,37,1,3
899,c834,,,,,1,3,1,0,2,0,26,138,26,2,4
900,40Ca,,,,,1,0,0,4,0,3,93,81,2,1,1
901,4D18,,,,,1,7,1,4,1,2,68,135,9,3,0
902,13b3,,,,,0,7,0,6,1,3,89,273,49,2,0
903,f849,,,,,0,2,1,4,0,0,47,3,28,0,1
904,971,,,,,1,4,1,1,2,0,85,159,41,1,4
905,5817,,,,,0,8,1,4,1,3,49,78,34,2,4
906,bbfe,,,,,1,9,0,3,2,1,61,69,20,0,3
907,14fe,,,,,0,3,0,6,1,3,85,57,6,2,2
908,827b,,,,,1,8,0,0,2,2,5,249,26,3,2
909,c63d,,,,,0,9,1,1,0,0,81,114,30,0,2
910,2d4d,,,,,1,0,0,3,2,2,75,207,3,1,0
911,cb29,,,,,0,6,0,3,0,1,59,156,32,3,0
912,C602,,,,,1,9,0,6,2,1,70,255,14,2,3
913,442A,,,,,1,3,1,2,2,2,54,195,11,1,3
914,1418,,,,,1,1,1,3,1,0,8,57,2,1,3
915,d337,,,,,1,6,1,5,0,0,22,114,25,0,2
916,6817,,,,,0,5,1,0,2,1,56,120,33,3,4
917,ADFC,,,,,0,8,1,2,0,1,97,207,21,1,3
918,2491,,,,,1,2,0,0,2,3,86,105,30,0,0
919,06Cd,,,,,0,8,1,5,2,2,100,21,27,3,4
920,b882,,,,,0,6,1,0,2,2,65,18,0,0,2
921,a0a1,,,,,1,8,0,1,1,2,2,111,38,3,1
922,2AD7,,,,,1,8,0,1,1,2,21,15,50,1,4
923,eb33,,,,,0,7,0,0,2,3,53,42,23,2,3
924,8.00E+91,,,,,1,8,1,0,2,2,4,6,27,1,1
925,6335,,,,,0,3,0,1,0,2,27,288,25,0,1
926,5cc5,,,,,1,1,1,6,2,3,45,72,22,0,0
927,CCAC,,,,,0,1,0,3,2,2,40,180,30,0,2
928,5.00E+30,,,,,0,6,1,1,1,0,18,57,38,0,4
929,21CF,,,,,0,2,0,4,0,0,97,213,47,2,2
930,6.00E+66,,,,,0,2,0,1,2,2,72,42,6,3,3
931,2ac9,,,,,1,1,1,1,2,0,62,129,7,3,2
932,949B,,,,,1,9,0,4,1,3,78,9,23,2,1
933,ce19,,,,,1,7,0,2,2,0,24,147,7,1,4
934,0ac0,,,,,0,3,0,4,1,0,62,24,40,0,1
935,8106,,,,,1,3,0,3,1,1,94,243,39,1,0
936,c4a7,,,,,0,1,1,5,1,0,57,150,15,3,3
937,7258,,,,,1,7,1,5,2,3,65,54,48,0,4
938,4164,,,,,0,2,0,6,0,1,13,45,48,0,4
939,715D,,,,,0,9,1,0,1,0,62,93,26,1,3
940,00Ea,,,,,1,4,1,1,2,1,33,120,26,2,2
941,c388,,,,,0,1,0,0,0,0,21,42,35,0,2
942,4d5d,,,,,1,1,0,4,1,3,25,168,31,1,3
943,b076,,,,,1,0,0,1,2,0,94,267,18,2,2
944,F1b0,,,,,0,3,1,5,0,1,69,144,15,3,0
945,Daa2,,,,,1,1,0,0,2,2,62,282,20,2,4
946,822,,,,,0,7,1,4,0,3,53,180,11,0,0
947,deb0,,,,,1,9,0,3,2,2,46,15,13,0,1
948,984F,,,,,0,2,1,3,0,2,96,168,47,0,1
949,563e,,,,,0,1,1,5,1,1,35,114,25,1,3
950,2628,,,,,0,1,1,4,2,1,83,231,12,2,1
951,fe90,,,,,1,3,1,0,1,3,88,63,41,2,0
952,97Db,,,,,0,9,1,2,2,1,79,153,3,1,1
953,4b01,,,,,0,8,1,6,2,1,87,264,0,3,2
954,6896,,,,,1,0,1,1,2,85,216,40,2,4,3
955,505c,,,,,0,5,1,3,0,1,12,123,4,2,3
956,0dd2,,,,,0,5,1,2,2,3,55,18,31,2,3
957,3eca,,,,,1,1,1,2,0,3,14,273,47,1,2
958,1FBA,,,,,1,7,0,5,1,1,75,9,31,2,4
959,123C,,,,,0,1,1,4,0,1,36,195,43,0,1
960,34a3,,,,,0,3,0,6,2,2,37,75,35,2,4
961,3361,,,,,1,3,0,1,0,0,77,99,44,0,4
962,1fd0,,,,,0,3,1,5,1,1,89,234,7,1,2
963,1.50E+10,,,,,0,8,1,0,1,3,24,258,6,3,3
964,4398,,,,,0,7,1,3,1,3,88,60,12,0,4
965,d830,,,,,1,7,1,2,0,2,22,48,48,2,0
966,196B,,,,,0,6,0,3,0,2,8,159,39,1,4
967,7251,,,,,1,0,0,2,1,0,50,291,19,0,3
968,eb54,,,,,0,2,0,3,0,0,91,129,10,1,2
969,D05D,,,,,1,0,1,0,1,3,77,135,35,0,2
970,2706,,,,,0,0,1,5,2,0,27,255,18,2,3
971,5598,,,,,0,3,0,3,2,2,51,72,35,3,2
972,1506,,,,,1,9,1,0,2,2,54,33,21,0,2
973,c2a0,,,,,1,4,1,2,0,1,67,63,9,1,2
974,bc45,,,,,1,6,0,0,1,0,26,195,4,0,2
975,9e6a,,,,,1,2,0,0,1,2,21,219,28,2,2
976,E804,,,,,0,6,0,3,0,2,64,189,50,1,0
977,944e,,,,,0,1,1,1,1,2,12,156,5,0,1
978,556a,,,,,0,6,0,3,2,0,45,276,39,2,0
979,ae5c,,,,,1,1,1,3,2,3,74,189,29,2,2
980,823C,,,,,1,2,1,0,2,0,22,279,31,3,0
981,27cc,,,,,1,0,1,2,2,3,2,168,11,0,1
982,773D,,,,,0,6,0,3,0,0,54,129,31,1,1
983,c0dd,,,,,0,2,0,3,0,0,69,39,21,2,0
984,a4e5,,,,,1,4,1,5,2,3,76,102,6,1,0
985,4436,,,,,1,4,1,3,1,3,24,213,7,3,4
986,f3c5,,,,,0,6,0,5,0,3,79,252,27,0,2
987,b438,,,,,0,2,1,5,2,1,29,69,10,1,3
988,dc95,,,,,1,6,0,3,1,0,65,252,23,2,4
989,3fca,,,,,0,9,1,4,1,3,67,144,43,1,4
990,9777,,,,,0,0,0,3,1,3,23,3,48,2,0
991,db1a,,,,,0,3,1,2,0,2,64,6,50,2,0
992,3.00E+29,,,,,0,6,0,2,0,0,69,114,38,2,2
993,CCCE,,,,,1,0,0,5,0,3,62,183,9,3,2
994,06Ab,,,,,1,3,0,1,1,2,69,207,16,2,3
995,88AD,,,,,1,2,0,6,2,3,65,78,34,1,2
996,28Bb,,,,,0,6,0,2,1,1,19,63,7,3,2
997,B4E3,,,,,1,6,1,5,0,1,75,222,25,1,4
998,1154,,,,,0,6,0,0,0,3,29,297,33,0,3
999,F09B,,,,,1,8,0,5,0,2,74,168,49,2,2
