_key,username,location,postcount,likes,keyword,gender,identity,marriage,region,risk_appetite,education,revenue,deposit,debt,intended_products,label
0,,,,,1.0505159310996532,,,,,,,,,,,0
1,DaryLS,ÂÖãÊãâÊ†ºÁöÑ‰ΩèÊâÄ,5.0,15.0,0.9406389147043228,,,,,,,,,,,2
2,B79,"Temple, TX",1717.0,12551.0,0.9525482393801212,,,,,,,,,,,2
3,a95,,1.0,0.0,0.0,,,,,,,,,,,2
4,541D,Bandung,164.0,5443.0,0.0,,,,,,,,,,,2
5,12417B,,180.0,6.0,1.1386558711528778,,,,,,,,,,,2
6,619bd,,1.0,0.0,0.0,,,,,,,,,,,2
7,F130,,54.0,0.0,0.9406389147043228,,,,,,,,,,,2
8,1438,,1.0,0.0,0.8668267577886581,,,,,,,,,,,2
9,7c71,,4.0,0.0,0.0,,,,,,,,,,,2
10,CCnono,,4.0,11.0,0.0,,,,,,,,,,,2
11,Êúâ‰∫ãËØ¥ËØù,,1.0,2.0,0.9425432719290257,,,,,,,,,,,0
12,JojoÂßê,,,,0.0,,,,,,,,,,,2
13,da6,,1333.0,1.0,0.0,,,,,,,,,,,2
14,560,,1.0,0.0,0.0,,,,,,,,,,,2
15,bd7,,3.0,0.0,1.064484529197216,,,,,,,,,,,4
16,F0A,,4.0,0.0,0.0,,,,,,,,,,,2
17,B59,Schipluiden,361.0,6.0,0.0,,,,,,,,,,,2
18,bdb,Barcelona,12346.0,3.0,0.0,,,,,,,,,,,0
19,7B8,Riyadh,7.0,0.0,0.0,,,,,,,,,,,2
20,69b,,1.0,0.0,0.0,,,,,,,,,,,2
21,570,"Williamsport, PA",31.0,0.0,0.954142276197672,,,,,,,,,,,4
22,332,"south wales, uk",410.0,14.0,0.0,,,,,,,,,,,2
23,58b,,1.0,0.0,0.0,,,,,,,,,,,2
24,819,JPN.,5262.0,1460.0,0.7943627685308456,,,,,,,,,,,0
25,2ca,,161.0,7.0,0.9913835246115924,,,,,,,,,,,0
26,d99,Indonesia,7748.0,230.0,0.0,,,,,,,,,,,0
27,ead,SF | NY,845.0,6371.0,0.0,,,,,,,,,,,2
28,cdd,Atlanta,92.0,115.0,1.0154992751777172,,,,,,,,,,,0
29,B53,Dublin Ireland,167.0,350.0,0.9374646320939064,,,,,,,,,,,0
30,86b,ÿπŸÑŸâ ŸÇŸäÿØ ÿ£ŸèŸÖŸÜŸäÿ©,218.0,25.0,1.1230454668402672,,,,,,,,,,,2
31,1ee,,114.0,15.0,1.0621961914002895,,,,,,,,,,,2
32,174,,4.0,0.0,0.993150409311056,,,,,,,,,,,0
33,3817,,5.0,0.0,1.0896768048405647,,,,,,,,,,,2
34,6f12,,1232.0,5.0,0.9617349728941916,,,,,,,,,,,2
35,6119,,5.0,18.0,1.0030126087367537,,,,,,,,,,,0
36,b012,,2.0,0.0,0.8958302438259125,,,,,,,,,,,4
37,0625,,71.0,4.0,0.9570992328226566,,,,,,,,,,,2
38,Deb9,,1.0,0.0,0.0,,,,,,,,,,,2
39,13b8,,9.0,0.0,1.274948924779892,,,,,,,,,,,2
40,150c,"Ê®™ÊµúÂ∏Ç
",599.0,9.0,0.9902247972786428,,,,,,,,,,,0
41,c1b2,,1.0,0.0,0.9461005926132202,,,,,,,,,,,0
42,590A,"Staffordshire, United Kingdom",5.0,1.0,1.0514161996543407,,,,,,,,,,,4
43,C4e8,"10.446194,-66.853089",1.0,21.0,0.8095395863056183,,,,,,,,,,,2
44,B045,,1.0,0.0,1.0559101328253746,,,,,,,,,,,4
45,ba2ac,,5.0,0.0,1.0662049651145935,,,,,,,,,,,2
46,fbcbc,,1.0,0.0,1.0347520224750042,,,,,,,,,,,4
47,89193,Êú≠ÂπåÂ∏Ç,30.0,2.0,0.0,,,,,,,,,,,2
48,20733,20733,482.0,0.0,0.9997767712920904,,,,,,,,,,,0
49,19a53,,16.0,2.0,0.951548382639885,,,,,,,,,,,4
50,01949B,,14.0,0.0,0.8836959823966026,,,,,,,,,,,2
51,800801,,19.0,1.0,0.8997047618031502,,,,,,,,,,,2
52,_linlef,,2842.0,9351.0,1.0174293089658022,,,,,,,,,,,2
53,wuwalida,,9.0,8.0,1.08318130671978,,,,,,,,,,,2
54,Ages_Emporium,,14168.0,56514.0,1.0241008829325438,,,,,,,,,,,0
55,charlotteauman1,,1868.0,4582.0,1.0914195626974106,,,,,,,,,,,2
56,f10944,,9.0,0.0,0.9620149470865726,,,,,,,,,,,0
57,DA6b0,,3.0,5.0,1.0046362206339836,,,,,,,,,,,0
58,C2482,,3.0,0.0,0.8512874394655228,,,,,,,,,,,4
59,73553,73553,389.0,0.0,0.9985054135322572,,,,,,,,,,,0
60,dabc4,,1.0,0.0,1.0285008773207664,,,,,,,,,,,4
61,0ff10,,4.0,0.0,0.9883781392127275,,,,,,,,,,,0
62,1Aa00,,28438.0,0.0,0.9716399386525154,,,,,,,,,,,2
63,ff0c1,ÿßŸÑŸÑŸá Ÿàÿ£ŸÉÿ®ÿ±,6125.0,1.0,1.0540032871067524,,,,,,,,,,,2
64,28b93,,7.0,6.0,0.7530497312545776,,,,,,,,,,,2
65,46550,46550,362.0,0.0,0.9849634636193514,,,,,,,,,,,0
66,53716,53716,2151.0,0.0,1.0395637303590777,,,,,,,,,,,2
67,B4FF,,2.0,1.0,0.95454977825284,,,,,,,,,,,0
68,E444,,2.0,0.0,0.0,,,,,,,,,,,0
69,86A5,,2.0,0.0,0.9739264138042928,,,,,,,,,,,0
70,a78b,,3.0,0.0,1.0169045105576515,,,,,,,,,,,0
71,5def,Nigeria west africa,15.0,0.0,1.01015992090106,,,,,,,,,,,4
72,3376,,4.0,1.0,0.9994911216199398,,,,,,,,,,,0
73,9619,,1.0,0.0,1.0027257464826107,,,,,,,,,,,0
74,0A06,,6171.0,8442.0,0.8743348568677902,,,,,,,,,,,0
75,2016,The World,6.0,4.0,0.889547660946846,,,,,,,,,,,2
76,6366,,1.0,0.0,0.9622504860162736,,,,,,,,,,,0
77,2a4c,,7.0,27.0,0.8864536434412003,,,,,,,,,,,2
78,9600,"Hebden Bridge, England",35928.0,7647.0,0.8230719864368439,,,,,,,,,,,2
79,e3eA,,5.0,0.0,0.0,,,,,,,,,,,2
80,8816,,2.0,0.0,0.9115774258971214,,,,,,,,,,,0
81,2225,,17.0,0.0,0.9488062150776386,,,,,,,,,,,4
82,c7a1,Canada,24.0,4.0,1.0896768048405647,,,,,,,,,,,4
83,adad,,46.0,1.0,1.0121391769498589,,,,,,,,,,,4
84,86A5,,2.0,0.0,0.9739264138042928,,,,,,,,,,,0
85,EA4A,,2.0,0.0,1.099868893623352,,,,,,,,,,,2
86,09de,,1.0,0.0,0.9905232675373554,,,,,,,,,,,0
87,be1e,,289.0,6.0,0.9905232675373554,,,,,,,,,,,0
88,de44,,2.0,0.0,1.055484589189291,,,,,,,,,,,4
89,0ed1,Kuwait,318.0,681.0,1.0153889581561089,,,,,,,,,,,0
90,6371,,2.0,0.0,0.0,,,,,,,,,,,0
91,4D18,"√úT: -6.164094,106.634322",9.0,0.0,1.0521898567676544,,,,,,,,,,,2
92,C602,,11.0,1.0,0.9896160792559384,,,,,,,,,,,0
93,eb33,"Pearland, TX",1306.0,2257.0,0.9902247972786428,,,,,,,,,,,0
94,0ac0,"Dallas, TX",1.0,0.0,0.0,,,,,,,,,,,2
95,Daa2,,4.0,0.0,0.0,,,,,,,,,,,2
96,0dd2,,3.0,0.0,0.9381696246564388,,,,,,,,,,,0
97,7251,TOKYO„Å®„Åç„Å©„ÅçTOYAMA,6306.0,581.0,1.0662049651145935,,,,,,,,,,,0
98,556a,,60.0,12.0,0.9730554819107056,,,,,,,,,,,2
99,3fca,Universidad Zamorano,3.0,0.0,0.0,,,,,,,,,,,0
100,Dominic,,,,1.174168884754181,,,,,,,,,,,4
101,‰∏É‰∏É,,,,1.0883940905332563,,,,,,,,,,,1
102,leshu,,5.0,10.0,1.080703005194664,,,,,,,,,,,2
103,iii,,1.0,2.0,0.9194174557924272,,,,,,,,,,,0
104,N_N,,,,0.9811595007777214,,,,,,,,,,,2
105,Â≠¶‰π†‰πãÊòüÈªÑËø™Êô®,,,,1.110765561461449,,,,,,,,,,,1
106,metabeing,,3.0,6.0,0.9896160792559384,,,,,,,,,,,0
107,excalibur,,,,0.9541482515633106,,,,,,,,,,,0
108,Gllaucus,,,,0.0,,,,,,,,,,,2
109,jflam,,,,1.0035417880862951,,,,,,,,,,,0
110,Nathan,,,,1.0097989961504936,,,,,,,,,,,0
111,guluglu,,,,0.0,,,,,,,,,,,2
112,ËìùÁ∫¢Ê∞¥,,,,0.0,,,,,,,,,,,2
113,Weeknd,,,,0.9617349728941916,,,,,,,,,,,0
114,Alicia,,,,0.9276446253061296,,,,,,,,,,,0
115,Afirmiana,,1.0,2.0,0.0,,,,,,,,,,,2
116,Shirley,,,,1.0024046823382378,,,,,,,,,,,0
117,ÁõêÁÑóÂúüË±Ü_,,2.0,4.0,0.9913492687046528,,,,,,,,,,,0
118,shrimp,,1.0,2.0,1.0099414065480232,,,,,,,,,,,0
119,ÂâçÈî¶‰ººÊµ∑,,1.0,2.0,0.0,,,,,,,,,,,2
120,panlis,,,,1.0459313280880451,,,,,,,,,,,4
121,6F9,"Bilbao, Espa√±a",5430.0,4268224551293.0,0.0,,,,,,,,,,,4
122,830,,2.0,0.0,1.062194176018238,,,,,,,,,,,4
123,A4A,,11.0,14.0,1.0038658482953906,,,,,,,,,,,0
124,1a0,Brisbane,2977.0,16974.0,0.98000917583704,,,,,,,,,,,2
125,bdf,"California, USA",2875.0,7956.0,0.8802295923233032,,,,,,,,,,,2
126,e36,,2.0,1.0,0.9932821188122034,,,,,,,,,,,0
127,7FE,,4318.0,1560.0,0.7530497312545776,,,,,,,,,,,2
128,5aa,,2.0,0.0,1.0896768048405647,,,,,,,,,,,2
129,F0B,,108.0,19.0,0.915475070476532,,,,,,,,,,,2
130,134,,1.0,0.0,0.0,,,,,,,,,,,2
131,894,osaka,11768.0,40082.0,1.02244733273983,,,,,,,,,,,2
132,223,,1.0,4518.0,0.8298244774341583,,,,,,,,,,,2
133,130,,1115.0,2311.0,1.0466745346784592,,,,,,,,,,,2
134,049,,38.0,2.0,1.075557380914688,,,,,,,,,,,4
135,6dd,"Colorado, USA",1.0,0.0,1.1795650869607923,,,,,,,,,,,4
136,AB3,,2.0,0.0,1.0154992751777172,,,,,,,,,,,4
137,b64,,98.0,52.0,0.7925359606742859,,,,,,,,,,,2
138,2fa,Wolfsburg,800.0,5289.0,1.1091248542070389,,,,,,,,,,,2
139,f2e,,1.0,0.0,0.9963911678642036,,,,,,,,,,,0
140,577,,1.0,0.0,0.8712259232997894,,,,,,,,,,,2
141,1bc,Palm Beach,367.0,12597.0,1.026857577264309,,,,,,,,,,,2
142,cbd,,413.0,675.0,1.107900083065033,,,,,,,,,,,0
143,3ac,,21.0,6.0,1.060983270406723,,,,,,,,,,,4
144,6da,Âª£Â∑ûCanton,2095.0,2060.0,0.0,,,,,,,,,,,4
145,A5C,,11.0,0.0,1.1230454668402672,,,,,,,,,,,2
146,710,,3.0,0.0,0.0,,,,,,,,,,,0
147,e2d,San Francisco,86.0,6.0,1.0908233523368835,,,,,,,,,,,2
148,248,,3.0,0.0,0.9383943304419518,,,,,,,,,,,0
149,A20,,2.0,0.0,1.067300133407116,,,,,,,,,,,4
150,38b,,1.0,0.0,0.8864536434412003,,,,,,,,,,,4
151,2b5,,2.0,0.0,1.0243342202156782,,,,,,,,,,,4
152,E17,,1.0,0.0,0.95852654799819,,,,,,,,,,,0
153,2ca,,161.0,7.0,0.9160154908895493,,,,,,,,,,,2
154,631,,12.0,0.0,0.8709387481212616,,,,,,,,,,,2
155,1f0,,4.0,0.0,0.8585948944091797,,,,,,,,,,,2
156,d43,,2213.0,1055.0,1.0559101328253746,,,,,,,,,,,2
157,17C,Â§ßÈò™,6533.0,684.0,0.981116145849228,,,,,,,,,,,0
158,983,,1.0,0.0,1.10044863820076,,,,,,,,,,,1
159,51A,London,141.0,426.0,1.011464111506939,,,,,,,,,,,0
160,565,,2.0,0.0,0.8533256947994232,,,,,,,,,,,4
161,b6d,Kuwait,139.0,35.0,0.9531579092144966,,,,,,,,,,,0
162,4a9,,2.0,0.0,0.9982124604284764,,,,,,,,,,,0
163,9db,,5.0,1.0,0.9968736581504344,,,,,,,,,,,0
164,784,,4.0,0.0,0.9538127183914183,,,,,,,,,,,0
165,435,,3.0,0.0,0.9947306625545024,,,,,,,,,,,0
166,8E0,Riyadh,286.0,15.0,0.9883781392127275,,,,,,,,,,,0
167,4b3,heywood,194.0,33.0,1.0896768048405647,,,,,,,,,,,0
168,b86,,17.0,128.0,1.0232314988970757,,,,,,,,,,,4
169,a77,,4.0,0.0,0.9227418601512908,,,,,,,,,,,2
170,488,,1.0,0.0,1.0540032871067524,,,,,,,,,,,4
171,024,,66.0,24.0,0.0,,,,,,,,,,,2
172,110,"ÿßŸÑÿ±Ÿäÿßÿ∂, ÿßŸÑŸÖŸÖŸÑŸÉÿ© ÿßŸÑÿπÿ±ÿ®Ÿäÿ© ÿßŸÑÿ≥ÿπŸàÿØŸäÿ©",74.0,16.0,0.7807382643222809,,,,,,,,,,,2
173,Beb,,1.0,0.0,1.076334834098816,,,,,,,,,,,1
174,60e,,1.0,0.0,1.0514161996543407,,,,,,,,,,,4
175,60e,,1.0,0.0,0.9778192229568958,,,,,,,,,,,2
176,371,,24.0,0.0,0.8836959823966026,,,,,,,,,,,2
177,CB2,"Chicago, IL",17459.0,3620.0,1.0153889581561089,,,,,,,,,,,0
178,4E5,,2.0,0.0,0.8585948944091797,,,,,,,,,,,4
179,C9E,,3.0,0.0,1.0035620890557766,,,,,,,,,,,0
180,223,,1.0,4518.0,1.092553436756134,,,,,,,,,,,2
181,4d9,,1.0,0.0,0.9896160792559384,,,,,,,,,,,0
182,A65,,1.0,0.0,1.0539536327123642,,,,,,,,,,,4
183,95D,"Recife, Pernambuco",114.0,1130.0,1.0587234050035477,,,,,,,,,,,0
184,108,"New York, NY",47407.0,9068.0,1.0000334903597832,,,,,,,,,,,2
185,237,"Tel-Aviv, Israel",59.0,0.0,0.9472834430634977,,,,,,,,,,,2
186,f38,,1.0,0.0,0.9402156993746758,,,,,,,,,,,0
187,921,tokyo,17842.0,850.0,1.2704078555107117,,,,,,,,,,,2
188,93D,,61.0,749.0,1.0078591890633106,,,,,,,,,,,0
189,D31,,12.0,0.0,1.0956513583660126,,,,,,,,,,,2
190,41F,,4.0,0.0,0.8320617079734802,,,,,,,,,,,2
191,f48,,11.0,0.0,0.0,,,,,,,,,,,2
192,3b5,Somewhere in this world,364.0,10.0,0.9876065421849488,,,,,,,,,,,0
193,64e,world,2303.0,583.0,0.9472834430634977,,,,,,,,,,,0
194,314,,2.0,0.0,1.0349541753530502,,,,,,,,,,,4
195,8fe,,73.0,9.0,1.0795337557792664,,,,,,,,,,,2
196,d3d,,13.0,0.0,1.0035620890557766,,,,,,,,,,,4
197,815,,1.0,0.0,0.8864536434412003,,,,,,,,,,,4
198,b7e,,2.0,10.0,0.9176546186208724,,,,,,,,,,,0
199,FC8,,180.0,0.0,1.101192332804203,,,,,,,,,,,2
200,47a,puerto cabello,11.0,0.0,1.10044863820076,,,,,,,,,,,2
201,D3A,"Quer√©taro, Mexico",8214.0,2528.0,0.8972676172852516,,,,,,,,,,,0
202,804,Richmond VA,13.0,0.0,0.8136650919914246,,,,,,,,,,,2
203,e42,,3.0,0.0,1.0662049651145935,,,,,,,,,,,4
204,6E4,"ÿßŸÑÿ±Ÿäÿßÿ∂, ÿßŸÑŸÖŸÖŸÑŸÉÿ© ÿßŸÑÿπÿ±ÿ®Ÿäÿ© ÿßŸÑÿ≥ÿπŸàÿØŸäÿ©",46819.0,2917.0,1.1053698509931564,,,,,,,,,,,2
205,33c,,1.0,0.0,0.0,,,,,,,,,,,2
206,Ab8,,14.0,0.0,1.1347811669111252,,,,,,,,,,,2
207,15a,"Verspreide huizen Epse, Lochem",1198.0,10.0,0.9520300887525082,,,,,,,,,,,2
208,901,Santiago Centro,160.0,0.0,1.110765561461449,,,,,,,,,,,2
209,cd2,,1.0,0.0,0.9021366164088248,,,,,,,,,,,4
210,5ea,,16.0,0.0,0.953550275415182,,,,,,,,,,,4
211,B25,,5.0,0.0,0.9916682820767164,,,,,,,,,,,0
212,90a,,2.0,0.0,1.0116875525563955,,,,,,,,,,,4
213,A94,,2.0,0.0,1.067300133407116,,,,,,,,,,,4
214,Dea,"La Guaira, Venezuela",1187.0,723.0,1.1184257119894028,,,,,,,,,,,2
215,694,"Oslo, Norway",1.0,0.0,0.9457090012729168,,,,,,,,,,,0
216,8d6,,3.0,0.0,1.0241008829325438,,,,,,,,,,,0
217,F03,,3.0,0.0,1.1646664887666702,,,,,,,,,,,4
218,ccc,,839.0,0.0,0.7706641107797623,,,,,,,,,,,2
219,6F9,"Bilbao, Espa√±a",5447.0,4278.0,1.0990037471055984,,,,,,,,,,,0
220,8C2,,2732.0,344.0,1.0060759484767914,,,,,,,,,,,0
221,ea5,rio,752.0,64573.0,0.911130167543888,,,,,,,,,,,4
222,0d1,,145.0,1119.0,0.0,,,,,,,,,,,2
223,521,,1.0,0.0,1.0243342202156782,,,,,,,,,,,4
224,5f3,Guayaquil,1.0,0.0,1.102953061461449,,,,,,,,,,,1
225,b9c,,13.0,0.0,1.1012826189398766,,,,,,,,,,,2
226,440,,1.0,0.0,1.1047597751021383,,,,,,,,,,,1
227,571,,3.0,1.0,0.99024448543787,,,,,,,,,,,0
228,214,,1.0,0.0,0.9617349728941916,,,,,,,,,,,0
229,E40,707 Vallejo Ca. Bay Area ,38050.0,12708.0,0.9739264138042928,,,,,,,,,,,2
230,6B9,ÿ±ÿ£ÿ≥ ÿßŸÑÿÆŸäŸÖÿ©,26.0,470.0,1.0991263091564178,,,,,,,,,,,4
231,02c,ÿ®Ÿäÿ™ŸÜÿßüôÑ,2874.0,159.0,0.910548448562622,,,,,,,,,,,0
232,756,,1.0,0.0,1.0662049651145935,,,,,,,,,,,1
233,089,,1.0,152.0,1.0370687805116177,,,,,,,,,,,1
234,03a,,397.0,372.0,0.9823423847556114,,,,,,,,,,,0
235,E61,JAPAN,22444.0,6091.0,0.9160154908895493,,,,,,,,,,,0
236,b1b,,1.0,0.0,0.8457006812095642,,,,,,,,,,,4
237,Da2,,1.0,0.0,1.0773401707410812,,,,,,,,,,,1
238,2D6,,2079.0,20.0,0.9396589435636996,,,,,,,,,,,0
239,35c,,8.0,27.0,0.9834057129919528,,,,,,,,,,,0
240,b46,,13.0,27.0,1.039342321455479,,,,,,,,,,,4
241,A2C,shibuya tokyo japan,522.0,24.0,0.9727206602692604,,,,,,,,,,,2
242,ca6,,2.0,0.0,0.934460997581482,,,,,,,,,,,0
243,E82,,53.0,15.0,0.9379937574267389,,,,,,,,,,,2
244,5D3,San Juan de Pasto,18.0,19.0,1.0662049651145935,,,,,,,,,,,4
245,915,beijing,7.0,0.0,0.9542946219444276,,,,,,,,,,,0
246,2b5,,2.0,0.0,0.8827840387821198,,,,,,,,,,,4
247,cde,,1.0,0.0,1.050015777349472,,,,,,,,,,,4
248,217,,21.0,13.0,0.8136650919914246,,,,,,,,,,,2
249,72c,,7.0,0.0,0.8624963909387589,,,,,,,,,,,2
250,e28,,1.0,0.0,0.9405072331428528,,,,,,,,,,,0
251,F4F,,1759.0,119.0,0.972771979868412,,,,,,,,,,,2
252,2CC,"Canberra, Australia",52766.0,1624.0,1.0853422060608864,,,,,,,,,,,2
253,049,,38.0,2.0,0.9594633802771568,,,,,,,,,,,4
254,376,,2.0,0.0,0.7855089902877808,,,,,,,,,,,0
255,1bc,Palm Beach,367.0,12597.0,1.0586847364902496,,,,,,,,,,,2
256,CB2,"Chicago, IL",17459.0,3620.0,1.2471876293420792,,,,,,,,,,,2
257,4be,Madhya Pradesh,48.0,0.0,1.076334834098816,,,,,,,,,,,4
258,BC1,British Columbia,83010.0,111.0,0.0,,,,,,,,,,,2
259,D66,Nederland,26467.0,6737.0,0.8907885700464249,,,,,,,,,,,0
260,4e1,south korea,1.0,0.0,1.0835458934307098,,,,,,,,,,,1
261,4EC,"Redlands, CA",10.0,6.0,1.0587234050035477,,,,,,,,,,,2
262,FCA,"Manhattan, NY",3554.0,256.0,0.9123065248131752,,,,,,,,,,,2
263,996,,1.0,0.0,1.0926353931427002,,,,,,,,,,,1
264,C2E,"Dallas/Ft. Worth/Midlothian,TX",17213.0,1951.0,1.0835458934307098,,,,,,,,,,,2
265,431,Amsterdam,687.0,2.0,0.0,,,,,,,,,,,2
266,610,,1.0,0.0,1.0493416301906109,,,,,,,,,,,4
267,F91,Êñ∞ÊΩüÁúå„ÄÄ‰∏≠Ë∂ä,81.0,0.0,1.0499510690569878,,,,,,,,,,,2
268,978,Taiwan,95.0,0.0,1.1900626122951508,,,,,,,,,,,2
269,099,,1.0,0.0,1.0521898567676544,,,,,,,,,,,4
270,196,,1.0,1.0,1.0437630116939545,,,,,,,,,,,4
271,acf,"France, Spain, USA, UK, Canada, Spain, Germany, Italy + nearly 50 countries around the world.",6924.0,0.0,0.8952672779560089,,,,,,,,,,,0
272,bf5,,14.0,1077.0,0.9372914135456084,,,,,,,,,,,4
273,4ed,,24.0,0.0,1.174644410610199,,,,,,,,,,,4
274,6C9,Al Bukairiyah - üá∏üá¶,17689.0,42.0,1.0210416913032532,,,,,,,,,,,0
275,B93,West Michigan!,2068.0,0.0,1.0030126087367537,,,,,,,,,,,0
276,6cd,,1.0,0.0,0.9028863906860352,,,,,,,,,,,4
277,35c,,8.0,27.0,0.9987419098615646,,,,,,,,,,,0
278,891,SoCal,1.0,0.0,1.0035620890557766,,,,,,,,,,,0
279,01a,"Fort Wayne, Indiana",31.0,2.0,1.196746826171875,,,,,,,,,,,4
280,C69,,12.0,2.0,1.046625591814518,,,,,,,,,,,4
281,1FD,,1.0,0.0,1.1276003569364548,,,,,,,,,,,1
282,685,"Camp Pendleton North, CA",425.0,16998.0,0.934460997581482,,,,,,,,,,,0
283,d7c,,1.0,0.0,0.8864536434412003,,,,,,,,,,,4
284,25F,AL AHSSA and jazan,1845.0,687.0,0.9622504860162736,,,,,,,,,,,0
285,ade,"Godalming, UK",37992.0,15770.0,1.016496703028679,,,,,,,,,,,2
286,651,,1.0,0.0,0.9309489727020264,,,,,,,,,,,0
287,b51,,1.0,0.0,1.019528940320015,,,,,,,,,,,4
288,A41,,19.0,0.0,0.9849206246435642,,,,,,,,,,,4
289,6B9,ÿ±ÿ£ÿ≥ ÿßŸÑÿÆŸäŸÖÿ©,26.0,470.0,0.9971096105873584,,,,,,,,,,,0
290,9F1,,53.0,0.0,1.019528940320015,,,,,,,,,,,2
291,A5C,,11.0,0.0,1.0437840670347214,,,,,,,,,,,2
292,229,,2.0,1.0,1.0817147344350817,,,,,,,,,,,2
293,Ede,,4.0,0.0,0.0,,,,,,,,,,,2
294,e95,,1.0,0.0,0.8219245672225952,,,,,,,,,,,2
295,6D1,,9.0,0.0,0.9988237507641315,,,,,,,,,,,0
296,70a,,2.0,0.0,1.1530000269412994,,,,,,,,,,,2
297,134,,1.0,0.0,1.0191918462514875,,,,,,,,,,,4
298,756,,1.0,0.0,0.962273709475994,,,,,,,,,,,0
299,9Eb,Madrid,11062.0,12380.0,1.154990091919899,,,,,,,,,,,0
300,d0b,Tokyo,2097.0,177.0,0.838892251253128,,,,,,,,,,,0
301,7FE,,4320.0,1562.0,1.011513076722622,,,,,,,,,,,2
302,28b,S√£o Paulo Brazil,10.0,0.0,1.0568131282925606,,,,,,,,,,,2
303,b7d,,1.0,0.0,0.8931019008159637,,,,,,,,,,,4
304,466,Japan,4.0,0.0,0.0,,,,,,,,,,,2
305,555,"Bristol, UK",6568.0,4574.0,0.8759584724903107,,,,,,,,,,,0
306,14B,,18.0,0.0,1.0038491487503052,,,,,,,,,,,0
307,120,,7285.0,3129.0,0.9841130897402764,,,,,,,,,,,0
308,afb,,3256.0,32.0,0.9685049951076508,,,,,,,,,,,2
309,040,,1.0,0.0,1.0835458934307098,,,,,,,,,,,1
310,ba2,,20.0,2.0,1.110765561461449,,,,,,,,,,,4
311,db7,,1113.0,16.0,1.0077957231551409,,,,,,,,,,,0
312,f86,,56.0,2.0,0.7903552651405334,,,,,,,,,,,2
313,578,"30.316944,-91.123266",1.0,0.0,1.0896768048405647,,,,,,,,,,,1
314,F40,,4.0,1.0,0.0,,,,,,,,,,,2
315,4ad,"Beijing, China",329.0,10.0,1.016049176454544,,,,,,,,,,,2
316,CD5,Maryland,206.0,127.0,1.1286294162273407,,,,,,,,,,,2
317,02e,,3.0,0.0,0.0,,,,,,,,,,,0
318,C37,"Dallas, TX",220.0,169.0,1.0201171562075615,,,,,,,,,,,0
319,063,"Madurai South, India",5.0,90.0,0.9784794561564922,,,,,,,,,,,2
320,da4,"Chicago, IL",1473.0,408.0,0.0,,,,,,,,,,,2
321,Be5,,2.0,0.0,0.8182148933410645,,,,,,,,,,,0
322,48B,,17.0,11.0,0.9583937339484692,,,,,,,,,,,4
323,C0A,,1.0,0.0,0.0,,,,,,,,,,,2
324,A44,,4.0,0.0,0.9924338366836308,,,,,,,,,,,0
325,008,"Eyes only, love.",15.0,0.0,0.9617349728941916,,,,,,,,,,,4
326,f4e,Wiesbaden,11.0,22.0,0.9962480133399368,,,,,,,,,,,0
327,910,,1.0,0.0,1.0692897588014605,,,,,,,,,,,1
328,1b14,24,10.0,0.0,1.0364977233111858,,,,,,,,,,,2
329,ca56,,1.0,0.0,1.2108739912509918,,,,,,,,,,,2
330,5ea6,,1.0,0.0,1.036258988082409,,,,,,,,,,,4
331,f7ad,"ÿßŸÑŸÖÿØŸäŸÜÿ© ÿßŸÑŸÖŸÜ, ÿßŸÑŸÖŸÖŸÑŸÉÿ© ÿßŸÑÿπÿ±ÿ®Ÿäÿ© ",1568.0,0.0,0.0,,,,,,,,,,,2
332,102b,,1.0,0.0,1.0835458934307098,,,,,,,,,,,1
333,df71,,23.0,45.0,0.9784794561564922,,,,,,,,,,,4
334,e26c,,1.0,0.0,1.18549382686615,,,,,,,,,,,4
335,0566,,1.0,0.0,0.9811595007777214,,,,,,,,,,,2
336,0d2e,,2.0,0.0,1.1286294162273407,,,,,,,,,,,2
337,01f5,peru,4.0,0.0,1.0000334903597832,,,,,,,,,,,0
338,F337,S.E.O.U.L,1.0,0.0,1.1489802598953247,,,,,,,,,,,1
339,2f26,,74.0,6163.0,1.0835458934307098,,,,,,,,,,,2
340,4255,Bremerton Wa,99.0,13.0,1.0734260380268097,,,,,,,,,,,2
341,7690,,1.0,0.0,0.9223329722881316,,,,,,,,,,,0
342,ec21,,10.0,457.0,0.869553878903389,,,,,,,,,,,2
343,33c5,,4.0,0.0,1.0241008829325438,,,,,,,,,,,0
344,6414,,1.0,0.0,1.0896768048405647,,,,,,,,,,,1
345,1448,India,2.0,1.0,1.0327683463692665,,,,,,,,,,,4
346,a8b8,"Rio de Janeiro, Brasil",16.0,44.0,1.1378201693296432,,,,,,,,,,,4
347,9973,,4.0,5.0,0.9263048991560936,,,,,,,,,,,2
348,6743,,4.0,3.0,0.8221254050731659,,,,,,,,,,,2
349,f509,,2.0,0.0,0.0,,,,,,,,,,,0
350,f7a9,,665.0,0.0,0.9546235576272012,,,,,,,,,,,2
351,5e5a,Jeddah,98.0,14.0,0.6799188852310181,,,,,,,,,,,2
352,5543,,1.0,0.0,0.9696632772684096,,,,,,,,,,,2
353,d8c0,,17.0,2.0,1.0523245632648468,,,,,,,,,,,4
354,53E2,,4.0,1.0,0.9232071787118912,,,,,,,,,,,2
355,EFBA,"Chaclacayo, Lima, Per√∫",3266.0,10.0,0.9902574233710766,,,,,,,,,,,0
356,2160,,1583.0,8.0,0.8750112354755402,,,,,,,,,,,2
357,ad13,,1.0,0.0,1.2704078555107117,,,,,,,,,,,3
358,8948,Sakura City,536.0,10.0,1.1356521546840668,,,,,,,,,,,2
359,2645,                                                                                                                        ,4914.0,33468.0,1.0927660912275314,,,,,,,,,,,0
360,586C,,1.0,0.0,0.9885243894532324,,,,,,,,,,,0
361,394a,ÿßŸÑŸÉŸàŸäÿ™,847.0,15.0,0.940512478351593,,,,,,,,,,,2
362,91a8,,1.0,0.0,0.996693778783083,,,,,,,,,,,0
363,7D71,,2.0,0.0,0.8377673476934433,,,,,,,,,,,0
364,0db0,,1091.0,423.0,1.1435480564832687,,,,,,,,,,,2
365,2fab,Canada,2.0,0.0,1.0609987378120422,,,,,,,,,,,4
366,f6aa,"San Nicolas de los Garza, Mexico",15.0,0.0,0.9285459518432616,,,,,,,,,,,2
367,1243,,7.0,0.0,0.0,,,,,,,,,,,2
368,e7e6,"Ankara, T√ºrkiye",26.0,135.0,0.9390486255288124,,,,,,,,,,,4
369,7a40,,5.0,10.0,1.0834078937768936,,,,,,,,,,,2
370,eb55,,1.0,0.0,1.154990091919899,,,,,,,,,,,4
371,c884,Êñ∞ÂÆøÂå∫,18517.0,45920.0,0.9995254352688788,,,,,,,,,,,0
372,ae89,,821.0,4339.0,1.0241008829325438,,,,,,,,,,,2
373,5122,,78.0,0.0,0.9565268978476524,,,,,,,,,,,2
374,8469,,1.0,0.0,0.0,,,,,,,,,,,2
375,5c44,,1.0,0.0,0.8465184271335602,,,,,,,,,,,4
376,32B9,,3.0,0.0,1.080065794289112,,,,,,,,,,,4
377,e961,"√úT: 0.52571,101.448067",2977.0,3.0,1.2704078555107117,,,,,,,,,,,2
378,864c,Á¨¨Èõ∂‰∏ãÂõõÂçÅ‰∏ÄÈöéÂ±§ÈÉΩÂ∏Ç„Äå„Ç¢„Çµ„Éí„Ç´„ÉØ„Äç,9484.0,57.0,0.8864536434412003,,,,,,,,,,,0
379,0208,,5.0,0.0,0.9094111919403076,,,,,,,,,,,2
380,2E30,,98.0,0.0,0.9722112193703653,,,,,,,,,,,2
381,EB72,,309.0,2841.0,0.9947306625545024,,,,,,,,,,,0
382,3c52,,2.0,0.0,1.0463272109627724,,,,,,,,,,,4
383,90ea,,27.0,0.0,0.911130167543888,,,,,,,,,,,2
384,AE70,,52.0,2.0,1.111250765621662,,,,,,,,,,,2
385,1128,,1.0,0.0,1.0009553506970406,,,,,,,,,,,0
386,7678,,1.0,0.0,1.102953061461449,,,,,,,,,,,1
387,3B44,,13.0,0.0,0.9817656055092812,,,,,,,,,,,4
388,A169,,1.0,0.0,0.9817656055092812,,,,,,,,,,,2
389,4371,"Johannesburg, South Africa",45.0,0.0,0.9403250515460968,,,,,,,,,,,4
390,83b3,Queensland australia,133.0,453.0,0.9817656055092812,,,,,,,,,,,0
391,812d,,2.0,0.0,0.9265749156475068,,,,,,,,,,,0
392,a102,,3.0,0.0,0.0,,,,,,,,,,,0
393,D659,„Éï„Éº„Ç∑„É£Êùë,11.0,0.0,1.1012826189398766,,,,,,,,,,,2
394,dcaa,"Madison, WI",336.0,3.0,0.9343096390366554,,,,,,,,,,,2
395,95cc,madrid,1.0,0.0,0.9945678487420082,,,,,,,,,,,0
396,e5ff,,1.0,0.0,0.8690527081489563,,,,,,,,,,,2
397,74a3,,2490.0,543.0,1.0144850220531223,,,,,,,,,,,2
398,c46d,,5.0,226.0,0.9565268978476524,,,,,,,,,,,0
399,F3b6,,2.0,0.0,1.1153071224689484,,,,,,,,,,,2
400,e451,,11.0,0.0,0.940512478351593,,,,,,,,,,,2
401,198a,,1.0,0.0,1.069023236632347,,,,,,,,,,,1
402,930E,,2.0,0.0,0.9817656055092812,,,,,,,,,,,0
403,cca2,,6.0,0.0,1.0445311069488523,,,,,,,,,,,0
404,BA18,,1.0,0.0,0.9403250515460968,,,,,,,,,,,0
405,FDC2,,2.0,0.0,0.0,,,,,,,,,,,0
406,035A,,2.0,0.0,0.9523183405399324,,,,,,,,,,,0
407,7929,,9.0,8.0,0.9817656055092812,,,,,,,,,,,2
408,e215,,3022.0,3274.0,0.998201422393322,,,,,,,,,,,0
409,9Bad,,5.0,0.0,0.8221254050731659,,,,,,,,,,,2
410,7ab3,,1.0,0.0,1.0261144321411848,,,,,,,,,,,4
411,bac7,,12.0,649.0,0.0,,,,,,,,,,,2
412,B507,,4.0,0.0,0.9065764248371124,,,,,,,,,,,2
413,fe3d,EUA,1.0,0.0,0.0,,,,,,,,,,,2
414,a2c0,,1.0,1.0,1.0261382833123207,,,,,,,,,,,4
415,bb9c,,2.0,0.0,0.9988237507641315,,,,,,,,,,,0
416,bf79,Budapest,7967.0,562.0,0.0,,,,,,,,,,,0
417,7C8b,,4.0,0.0,0.0,,,,,,,,,,,2
418,BF3C,Paris,5.0,1.0,1.2006621062755585,,,,,,,,,,,2
419,AD22,,2.0,0.0,0.9405072331428528,,,,,,,,,,,0
420,A135,,2.0,0.0,0.967255998402834,,,,,,,,,,,0
421,6020,,5.0,1.0,1.1012826189398766,,,,,,,,,,,2
422,4974,,1.0,0.0,0.9817656055092812,,,,,,,,,,,2
423,7429,"seoul, korea",7.0,0.0,0.9817656055092812,,,,,,,,,,,2
424,be58,,1.0,0.0,0.0,,,,,,,,,,,2
425,15f7,,5.0,1.0,0.9817656055092812,,,,,,,,,,,2
426,C57D,,2981.0,1130.0,0.9943446442484856,,,,,,,,,,,0
427,B137,,1.0,0.0,1.2195753902196884,,,,,,,,,,,3
428,D27F,,4279.0,2.0,1.1082519590854645,,,,,,,,,,,2
429,3d23,abu dhabi,2.0,0.0,0.9017610251903534,,,,,,,,,,,4
430,551a,Â∑ùÂè£Â∏Ç,14.0,0.0,0.9817656055092812,,,,,,,,,,,4
431,5674,,1.0,0.0,0.0,,,,,,,,,,,2
432,cbc3,,3.0,0.0,0.9403250515460968,,,,,,,,,,,0
433,ddea,,1.0,0.0,0.9279818087816238,,,,,,,,,,,0
434,A98A,ÔºòÊ£ü,280.0,0.0,1.2153027057647705,,,,,,,,,,,2
435,317f,,791.0,352.0,1.1012826189398766,,,,,,,,,,,2
436,1000,,40.0,1.0,0.9245873093605042,,,,,,,,,,,2
437,7590,,3.0,0.0,1.0559101328253746,,,,,,,,,,,0
438,278C,ÿßŸÑÿ∫ÿßÿ∑ ,742.0,0.0,1.1047723293304443,,,,,,,,,,,2
439,BDee,,15.0,2.0,0.9817656055092812,,,,,,,,,,,4
440,231e,,2.0,0.0,0.788720041513443,,,,,,,,,,,0
441,Fa4c,,1.0,0.0,1.011513076722622,,,,,,,,,,,4
442,30AF,,1.0,0.0,1.127700299024582,,,,,,,,,,,1
443,0Def,ÂÆÆÂ¥é,6881.0,30041.0,0.9499039128422736,,,,,,,,,,,2
444,91195,"chattanooga,tn",8.0,17.0,0.9817656055092812,,,,,,,,,,,2
445,37912,37912,652.0,0.0,1.1613930612802503,,,,,,,,,,,2
446,56481,56481,198.0,0.0,1.0707108974456787,,,,,,,,,,,2
447,36866,36866,473.0,0.0,1.016049176454544,,,,,,,,,,,2
448,58763,58763,521.0,0.0,0.9257899671792984,,,,,,,,,,,2
449,12798,,1.0,0.0,0.0,,,,,,,,,,,2
450,97146,97146,269.0,0.0,0.8721432387828827,,,,,,,,,,,2
451,c4442,,7.0,0.0,0.928827315568924,,,,,,,,,,,2
452,FAA86,,365.0,123.0,1.0619629882276058,,,,,,,,,,,0
453,AB417,,5.0,0.0,1.078383520245552,,,,,,,,,,,2
454,D861A,,22.0,5.0,0.931686669588089,,,,,,,,,,,2
455,7314A,,2.0,0.0,0.9899691343307496,,,,,,,,,,,0
456,a8e17,,33.0,24.0,1.0536568723618984,,,,,,,,,,,4
457,c2c24,,9.0,0.0,1.099868893623352,,,,,,,,,,,2
458,eccde,"Deer Park, NY - Brentwood, NY",20.0,0.0,1.008606854826212,,,,,,,,,,,0
459,71964,71964,506.0,0.0,0.9022189155220984,,,,,,,,,,,2
460,31643,31643,107.0,0.0,0.8864536434412003,,,,,,,,,,,2
461,40732,,1.0,0.0,1.0880446508526802,,,,,,,,,,,1
462,39931,,3.0,0.0,0.951548382639885,,,,,,,,,,,0
463,31620,31620,157.0,0.0,1.040307380259037,,,,,,,,,,,2
464,c4713,,1.0,0.0,0.0,,,,,,,,,,,2
465,0de16,,405.0,24.0,0.9774680770933628,,,,,,,,,,,2
466,70632,70632,227.0,0.0,1.110765561461449,,,,,,,,,,,2
467,bdbad,sky,3.0,2.0,0.0,,,,,,,,,,,0
468,8a9d1, ,41746.0,4.0,1.0586847364902496,,,,,,,,,,,2
469,ea7ec,,1.0,0.0,1.1499853432178495,,,,,,,,,,,1
470,39024,,6.0,2.0,1.092953860759735,,,,,,,,,,,2
471,7412C,,2.0,1.0,0.8617831468582153,,,,,,,,,,,0
472,33892,,1.0,0.0,0.9522443041205406,,,,,,,,,,,0
473,83725,,4.0,0.0,0.8937608152627945,,,,,,,,,,,2
474,94733,,2.0,0.0,0.9903384894132614,,,,,,,,,,,0
475,c7452,Antigua,1.0,0.0,0.8096989393234253,,,,,,,,,,,2
476,37684,37684,482.0,0.0,1.0116038769483566,,,,,,,,,,,2
477,77422,77422,356.0,0.0,0.781170055270195,,,,,,,,,,,2
478,67460,67460,1187.0,0.0,1.015974536538124,,,,,,,,,,,2
479,acb74,,34.0,84.0,1.0621179938316343,,,,,,,,,,,4
480,cccb5,,8429.0,123.0,1.1055011004209518,,,,,,,,,,,0
481,445F3,,76.0,25.0,1.019528940320015,,,,,,,,,,,2
482,ce77c,,353.0,19063.0,0.977394875138998,,,,,,,,,,,0
483,53393,,1.0,0.0,1.092152126133442,,,,,,,,,,,1
484,38119,38119,3924.0,0.0,1.0169145204126837,,,,,,,,,,,2
485,2066D,,1.0,0.0,0.934460997581482,,,,,,,,,,,0
486,77458,77458,107.0,0.0,0.9471672512590884,,,,,,,,,,,2
487,116Ed,,1.0,5.0,1.174644410610199,,,,,,,,,,,4
488,28b6e,,1.0,2.0,1.0050163194537165,,,,,,,,,,,0
489,46182,46182,343.0,0.0,0.711794912815094,,,,,,,,,,,2
490,abc80,,1.0,8.0,1.026244979351759,,,,,,,,,,,4
491,4875D,,20.0,0.0,1.0976254343986511,,,,,,,,,,,2
492,16140,16140,164.0,0.0,1.0232314988970757,,,,,,,,,,,2
493,181Ad,London,21.0,0.0,0.9520300887525082,,,,,,,,,,,4
494,D2889,,43.0,0.0,1.0169145204126837,,,,,,,,,,,4
495,b3b15,,984.0,129.0,1.1393191516399384,,,,,,,,,,,2
496,93401,93401,2401.0,0.0,1.0127140507102013,,,,,,,,,,,2
497,38127,38127,2487.0,0.0,0.9811682850122452,,,,,,,,,,,0
498,15A012,,1.0,3.0,1.1639880239963531,,,,,,,,,,,4
499,458466,,1.0,0.0,1.1323117017745972,,,,,,,,,,,1
500,3baade,,1.0,0.0,1.0883940905332563,,,,,,,,,,,1
501,1200Ff,,1211.0,328.0,0.9499154388904572,,,,,,,,,,,2
502,b91017,,118.0,4646.0,1.001758862286806,,,,,,,,,,,0
503,303494,,10.0,0.0,1.0883940905332563,,,,,,,,,,,2
504,df1060,,1.0,0.0,1.059079460799694,,,,,,,,,,,4
505,66116E,,19.0,12.0,0.9418272189795972,,,,,,,,,,,4
506,0ff5ec,,27.0,25.0,1.274948924779892,,,,,,,,,,,2
507,54da10,,1.0,0.0,0.9461005926132202,,,,,,,,,,,0
508,Befa99,,6.0,1.0,1.062194176018238,,,,,,,,,,,2
509,686430,,1.0,0.0,1.016049176454544,,,,,,,,,,,4
510,941419,sa,5.0,4.0,0.8668267577886581,,,,,,,,,,,2
511,2929a1,,26.0,7.0,0.932314969599247,,,,,,,,,,,2
512,aebd83,,2.0,0.0,0.905394934117794,,,,,,,,,,,4
513,77aa50,,2.0,7.0,1.001960352063179,,,,,,,,,,,0
514,C22006,,238.0,86.0,1.0629943758249285,,,,,,,,,,,0
515,996176,"–ú–æ—Å–∫–≤–∞, –†–æ—Å—Å–∏—è",68.0,9.0,0.9905232675373554,,,,,,,,,,,0
516,195967,,24.0,15.0,0.879944771528244,,,,,,,,,,,2
517,D44120,,1.0,3.0,0.0,,,,,,,,,,,2
518,00011A,,3354.0,3960.0,1.0463272109627724,,,,,,,,,,,2
519,752711,"Dores de Campos, Brasil",61.0,274.0,0.0,,,,,,,,,,,2
520,JiaheZhang1997,Hebei China,980.0,1877.0,0.9933114871382712,,,,,,,,,,,0
521,Yanghuikang1,,12591.0,73243.0,0.781170055270195,,,,,,,,,,,4
522,RoulanyishuiYHC,People's Republic of China,9078.0,51266.0,0.926547110080719,,,,,,,,,,,2
523,ChanJoe18,,2802.0,4242.0,1.157171994447708,,,,,,,,,,,2
524,Lanzhouer,Lanzhou City in PRC,3010.0,4415.0,0.8452791273593903,,,,,,,,,,,2
525,HENG0621,"‰∏äÊµ∑, ‰∏≠Âçé‰∫∫Ê∞ëÂÖ±ÂíåÂõΩ",79.0,140.0,0.9495791867375374,,,,,,,,,,,0
526,Flashyasf,"Alabama, USA",16976.0,16761.0,0.9808132033795118,,,,,,,,,,,2
527,discountzuzu,"cw: naruto , mha , kny
cr: dog and scum , six of crows

‚ô•Ô∏étwenty
‚ô°she her
‚ô•Ô∏é an aizawa kinda gal",14677.0,24178.0,0.8607455790042877,,,,,,,,,,,2
528,cryptodatawiz,,135.0,184.0,0.9529677368700504,,,,,,,,,,,0
529,bitch_built,She/Her,3682.0,11203.0,0.0,,,,,,,,,,,2
530,Quan697,,4.0,1.0,0.9817656055092812,,,,,,,,,,,2
531,Mitsos_Arx,Iron City Greek Sector,369.0,3535.0,0.0,,,,,,,,,,,2
532,MightyGoatWitch,My Bed,196.0,100866.0,0.0,,,,,,,,,,,4
533,Marklord117,,405.0,18.0,0.890850156545639,,,,,,,,,,,2
534,BraveEmblem17,In a place far far away,11419.0,58486.0,0.9499039128422736,,,,,,,,,,,4
535,HaominLiaizg,‰∏≠ÂõΩÂåó‰∫¨,4517.0,14018.0,0.9046560823917388,,,,,,,,,,,2
536,mark19676,,500.0,653.0,0.95147455483675,,,,,,,,,,,0
537,lejinjin,,2901.0,10364.0,0.0,,,,,,,,,,,2
538,YangNa18,,867.0,722.0,1.1012826189398766,,,,,,,,,,,2
539,Ad4GrY4hiBsiChB,,1803.0,331.0,0.9165709912776948,,,,,,,,,,,2
540,mikahisudaily,him/she admin. | not spoiler free.,9.0,0.0,1.1966318190097809,,,,,,,,,,,2
541,_simoneart_,Minor ,6968.0,46689.0,0.9945678487420082,,,,,,,,,,,0
542,_dirtyiron_,,99.0,15.0,1.0702754482626915,,,,,,,,,,,2
543,issaanoahh,"Los Angeles, CA",2597.0,14786.0,1.036997601389885,,,,,,,,,,,2
544,Itzvanessa16,,1.0,5.0,0.9118109196424484,,,,,,,,,,,2
545,arthfobic,to owners of content,435.0,2768.0,1.0672527253627777,,,,,,,,,,,0
546,GilpatrickTl,Washington State,807.0,389.0,1.1012826189398766,,,,,,,,,,,2
547,23Fujitsu,Morocco,1393.0,10131.0,0.9403250515460968,,,,,,,,,,,2
548,Physiolmy,The State of Palestine,578.0,2407.0,0.8533256947994232,,,,,,,,,,,2
549,AyikoruLisa,,57.0,276.0,1.2704078555107117,,,,,,,,,,,3
550,superjanella,Wonderland,12769.0,1862.0,1.0680533424019814,,,,,,,,,,,0
551,Cade44,,2.0,0.0,0.9403250515460968,,,,,,,,,,,0
552,619919,gulbarga,2.0,0.0,1.0858341231942177,,,,,,,,,,,2
553,032Dac,,93.0,216.0,0.0,,,,,,,,,,,2
554,255050,,2.0,0.0,0.8461858183145523,,,,,,,,,,,0
555,333032,,8.0,7.0,0.8968971073627472,,,,,,,,,,,2
556,602121,ÿµÿ≠ŸÅŸä ŸàŸÉÿßÿ™ÿ® Ÿàÿ¥ÿßÿπÿ±,1.0,0.0,0.998201422393322,,,,,,,,,,,0
557,aa0065,,997.0,149.0,0.0,,,,,,,,,,,2
558,EA7885,,21762.0,30071.0,0.0,,,,,,,,,,,2
559,166465,VILLAHEERMOSA TABASCO,24.0,0.0,0.0,,,,,,,,,,,2
560,fed8631,,5.0,0.0,1.067718043923378,,,,,,,,,,,2
561,1243759,,7.0,0.0,0.976702481508255,,,,,,,,,,,2
562,8224225,,1.0,0.0,0.9817656055092812,,,,,,,,,,,2
563,cdeaf,,1.0,0.0,1.1427280753850937,,,,,,,,,,,1
564,9559a,,3.0,48.0,1.0897511467337608,,,,,,,,,,,4
565,fadef,Curitiba,7.0,0.0,0.0,,,,,,,,,,,2
566,C1164,,5.0,0.0,0.9403250515460968,,,,,,,,,,,0
567,Fb25F,,1.0,0.0,1.1356121599674225,,,,,,,,,,,1
568,Cad80,,7.0,0.0,0.0,,,,,,,,,,,2
569,DFD89,Mbabane/Swaziland,1.0,0.0,0.9403250515460968,,,,,,,,,,,0
570,Ede1D,,1.0,0.0,0.9988237507641315,,,,,,,,,,,0
571,72402,,4.0,0.0,0.9921693429350852,,,,,,,,,,,0
572,adc88,USA/Germany,68.0,0.0,0.9817656055092812,,,,,,,,,,,2
573,8224225,,1.0,0.0,0.946802455931902,,,,,,,,,,,0
574,26731,26731,173.0,0.0,0.9462981894612312,,,,,,,,,,,2
575,67Aea,,6.0,516.0,0.9784794561564922,,,,,,,,,,,2
576,a3561,,1.0,0.0,1.0724550187587738,,,,,,,,,,,1
577,91300,Ê≠åËàû‰ºéÁî∫^_^,1749.0,2483.0,0.0,,,,,,,,,,,2
578,17833,17833,219.0,0.0,1.0510307773947716,,,,,,,,,,,2
579,2040F,,6.0,0.0,1.1059296652674675,,,,,,,,,,,2
580,c9901,mexico,1.0,1.0,1.0956513583660126,,,,,,,,,,,1
581,57058,57058,201.0,0.0,0.856530100107193,,,,,,,,,,,2
582,Cc91C,,1.0,0.0,0.9063328504562378,,,,,,,,,,,4
583,fafba,,4.0,0.0,0.0,,,,,,,,,,,2
584,ae995,,39.0,55.0,1.0784127116203308,,,,,,,,,,,4
585,FAFC4,,281.0,250.0,1.059032071381807,,,,,,,,,,,0
586,f9b99,,26.0,0.0,0.9817656055092812,,,,,,,,,,,4
587,b14d3,,5.0,0.0,1.0169145204126837,,,,,,,,,,,0
588,FF2F8,,89.0,3.0,1.016049176454544,,,,,,,,,,,2
589,96093,96093,423.0,0.0,1.0503408685326576,,,,,,,,,,,2
590,b35b2,,14.0,37.0,0.0,,,,,,,,,,,2
591,cac0e,United Kingdom,213.0,609.0,1.1494016498327255,,,,,,,,,,,0
592,3711F,,2411.0,661.0,0.8864536434412003,,,,,,,,,,,0
593,44126,44126,2760.0,0.0,1.038950577378273,,,,,,,,,,,2
594,D0172,J.town,1.0,0.0,0.9418272189795972,,,,,,,,,,,0
595,36382,,1.0,0.0,0.8354659080505371,,,,,,,,,,,2
596,ead29,,9.0,8.0,1.1140134558081627,,,,,,,,,,,2
597,59045,,2.0,0.0,1.0807254612445831,,,,,,,,,,,2
598,baad6,,1.0,0.0,1.016049176454544,,,,,,,,,,,4
599,bd2db,,1.0,0.0,0.0,,,,,,,,,,,2
600,D7Aa9,,232.0,123.0,0.9403250515460968,,,,,,,,,,,0
601,d2d2a,,3.0,3.0,1.0890709906816485,,,,,,,,,,,4
602,70062,70062,902.0,0.0,0.0,,,,,,,,,,,2
603,fc295,NY and LA | 80/20,5560.0,0.0,0.8858279436826706,,,,,,,,,,,0
604,a28a1,,1.0,0.0,0.9592756927013396,,,,,,,,,,,0
605,F5472,,1.0,0.0,1.0621179938316343,,,,,,,,,,,4
606,38317,38317,217.0,0.0,0.9817656055092812,,,,,,,,,,,2
607,72510,‰∏çÊØõÂú∞Â∏Ø,30610.0,1463.0,1.0718668475747108,,,,,,,,,,,2
608,edaa4,,1.0,0.0,1.0748509615659714,,,,,,,,,,,1
609,20169,20169,675.0,0.0,0.8021796941757202,,,,,,,,,,,2
610,Dad80,,2.0,20.0,0.9410559050738811,,,,,,,,,,,0
611,65711,65711,333.0,0.0,0.946802455931902,,,,,,,,,,,2
612,0942C,,15.0,76.0,0.9817656055092812,,,,,,,,,,,4
613,64946,,3.0,0.0,0.9499039128422736,,,,,,,,,,,0
614,56699,Saude,21.0,15.0,0.9403250515460968,,,,,,,,,,,4
615,bcc22,,580.0,32.0,1.0000334903597832,,,,,,,,,,,0
616,58551,,3.0,0.0,0.9403250515460968,,,,,,,,,,,0
617,BF345,,543.0,0.0,0.0,,,,,,,,,,,2
618,C1340,,212.0,1.0,0.9849402159452438,,,,,,,,,,,0
619,7a031,setagaya,194.0,2.0,1.032913401722908,,,,,,,,,,,2
620,5599E,,75.0,0.0,1.1090966016054151,,,,,,,,,,,2
621,fcce4,,3.0,6.0,0.8458883464336395,,,,,,,,,,,4
622,a3920,ÿßŸÑŸäŸÖŸÜ ,32.0,2.0,1.001960352063179,,,,,,,,,,,0
623,4303E,,2558.0,2819.0,0.6132362484931946,,,,,,,,,,,0
624,56307,56307,315.0,0.0,0.0,,,,,,,,,,,2
625,224Ae,,30.0,4.0,0.9403250515460968,,,,,,,,,,,4
626,0048f,,2018.0,1.0,0.9403250515460968,,,,,,,,,,,0
627,67536,Brasil,1.0,0.0,1.0548063293099403,,,,,,,,,,,4
628,18Dea,,2.0,0.0,0.0,,,,,,,,,,,0
629,a9354,„Åä„Åä„Åï„Åã„ÅÅ,8.0,0.0,1.0956513583660126,,,,,,,,,,,2
630,66961,,14.0,0.0,1.0323995016515255,,,,,,,,,,,4
631,C0056,,3.0,0.0,1.1239649057388306,,,,,,,,,,,2
632,65Caa,,5.0,0.0,0.996693778783083,,,,,,,,,,,0
633,6171E,,16.0,0.0,0.9869668483734132,,,,,,,,,,,4
634,cada4,,1.0,0.0,0.958088431507349,,,,,,,,,,,0
635,3702e,Java,35.0,4.0,1.0140585163608191,,,,,,,,,,,4
636,0f038,,6.0,31.0,1.1272512674331665,,,,,,,,,,,2
637,15828,15828,179.0,0.0,0.890850156545639,,,,,,,,,,,2
638,79a9a,Qatar,426.0,0.0,0.9660305343568324,,,,,,,,,,,0
639,d3f4c,,1.0,0.0,1.01015992090106,,,,,,,,,,,4
640,20Bbc,,25.0,0.0,1.0173756778240204,,,,,,,,,,,4
641,ddefa,,633.0,10699.0,0.0,,,,,,,,,,,2
642,67109,67109,536.0,0.0,1.0232314988970757,,,,,,,,,,,2
643,72274,,12.0,0.0,0.9472834430634977,,,,,,,,,,,2
644,CC424,,1.0,0.0,1.0169145204126837,,,,,,,,,,,4
645,AA8DD,,39.0,450.0,0.9796807318925858,,,,,,,,,,,4
646,44529,ÊúÄËøëÂ∑ùÂ¥é„Å´,20.0,0.0,1.132033497095108,,,,,,,,,,,2
647,DFeda,,4.0,2.0,0.8761211037635803,,,,,,,,,,,2
648,66835,66835,308.0,0.0,0.9165709912776948,,,,,,,,,,,2
649,98902,98902,531.0,0.0,1.0637636929750445,,,,,,,,,,,2
650,70800,,3.0,0.0,1.0307249911129477,,,,,,,,,,,0
651,12173,12173,337.0,0.0,1.2982710599899292,,,,,,,,,,,2
652,E3665,,1.0,0.0,0.946802455931902,,,,,,,,,,,0
653,ae735,,8.0,0.0,0.9604526087641716,,,,,,,,,,,0
654,6EAF6,,1.0,0.0,1.0662049651145935,,,,,,,,,,,1
655,48478,,44.0,0.0,0.6984278857707977,,,,,,,,,,,2
656,E9811,,1.0,0.0,1.1450769305229187,,,,,,,,,,,1
657,87887,Êù±‰∫¨ÈÉΩ,3.0,0.0,1.0029022321105003,,,,,,,,,,,0
658,Bc477,,3.0,13.0,0.8958598971366882,,,,,,,,,,,4
659,DbFd8,,1.0,0.0,1.01015992090106,,,,,,,,,,,4
660,10039,10039,954.0,0.0,0.7842349410057068,,,,,,,,,,,2
661,3B14,,1.0,0.0,1.0762955099344254,,,,,,,,,,,1
662,fa14,,1.0,0.0,1.2136429399251938,,,,,,,,,,,2
663,f14b,,43.0,0.0,0.9242414981126784,,,,,,,,,,,2
664,daa8,,1.0,0.0,1.1943460255861282,,,,,,,,,,,4
665,1365,,1.0,0.0,1.064337819814682,,,,,,,,,,,1
666,18ba,Manaus,3.0,0.0,0.947741687297821,,,,,,,,,,,0
667,c0ca,,13.0,0.0,1.044659897685051,,,,,,,,,,,4
668,C06E,,961.0,165.0,1.0861584842205048,,,,,,,,,,,2
669,3Cec,"C√≥rdoba, Argentina",644.0,18706.0,1.0451367273926735,,,,,,,,,,,0
670,f1cb,,17.0,6.0,0.986552108079195,,,,,,,,,,,4
671,df11,,24.0,183.0,0.8864536434412003,,,,,,,,,,,2
672,cdf4,,2.0,0.0,1.1317571997642517,,,,,,,,,,,2
673,bcef,SF - San Mateo - Santa Clara,985.0,218.0,1.0734260380268097,,,,,,,,,,,0
674,53b1,manila,5.0,7.0,0.9660604000091552,,,,,,,,,,,0
675,225A,,2.0,0.0,0.9609638340771198,,,,,,,,,,,0
676,1119,,1.0,0.0,1.1347811669111252,,,,,,,,,,,1
677,B20e,,3573.0,2333.0,1.055479533970356,,,,,,,,,,,2
678,83ce,,1.0,0.0,1.0549428053200245,,,,,,,,,,,4
679,f88f,,43.0,341.0,0.9209964349865912,,,,,,,,,,,2
680,2551,,2.0,0.0,1.247057244181633,,,,,,,,,,,3
681,D21C,,630.0,2.0,0.9184177741408348,,,,,,,,,,,2
682,ba26,,1.0,0.0,0.9402032233774662,,,,,,,,,,,0
683,1917,,173.0,84.0,0.805872231721878,,,,,,,,,,,2
684,d750,Spain,8.0,2.0,0.9204581454396248,,,,,,,,,,,2
685,FD47,,11.0,0.0,0.8476456552743912,,,,,,,,,,,2
686,286c,Êó•Êú¨„ÅÆ‰ΩïÂá¶„Åã„ÄÇ,45600.0,66.0,0.0,,,,,,,,,,,2
687,BB20,Ohio,2205.0,849.0,0.8816433399915695,,,,,,,,,,,0
688,3D56,,1.0,0.0,1.016496703028679,,,,,,,,,,,4
689,1872,"Selangor, Malaysia",37.0,6575.0,1.0568131282925606,,,,,,,,,,,4
690,704b,,1.0,0.0,1.0084125995635986,,,,,,,,,,,0
691,4346,,4.0,1.0,1.1387215703725817,,,,,,,,,,,2
692,60Ff,,48.0,26.0,0.9849634636193514,,,,,,,,,,,4
693,ee25,,10.0,1.0,0.9463113620877266,,,,,,,,,,,2
694,B569,,1.0,0.0,1.0290357656776905,,,,,,,,,,,4
695,c746,,3.0,0.0,1.1134652495384216,,,,,,,,,,,2
696,acbe,,29557.0,95790.0,0.8750112354755402,,,,,,,,,,,4
697,6391,,2.0,0.0,0.911526456475258,,,,,,,,,,,0
698,92F4,,13.0,10.0,0.8782635778188705,,,,,,,,,,,2
699,b97a,,1.0,0.0,1.0328905433416369,,,,,,,,,,,4
700,d66d,,31.0,1.0,0.8571405112743378,,,,,,,,,,,2
701,c47b,Pescara,2.0,0.0,0.9580527395009996,,,,,,,,,,,0
702,e2b1,,5.0,1.0,1.0438075512647629,,,,,,,,,,,0
703,239E,,1.0,0.0,1.0120574859902265,,,,,,,,,,,4
704,ae86,,5.0,0.0,0.8452791273593903,,,,,,,,,,,2
705,3517,,3.0,0.0,1.2704078555107117,,,,,,,,,,,3
706,a398,,50812.0,272.0,1.0990037471055984,,,,,,,,,,,2
707,d740,Denmark,402.0,4.0,1.0220926851034164,,,,,,,,,,,2
708,8800,Êú≠Âπå,1.0,0.0,0.0,,,,,,,,,,,2
709,D263,,6.0,0.0,0.0,,,,,,,,,,,2
710,E24E,,2.0,1.0,1.016049176454544,,,,,,,,,,,4
711,076e,ÎÇ¥Î∞úÍ∞ÄÎùΩÏûàÎäîÍ≥≥,8.0,0.0,0.9462981894612312,,,,,,,,,,,2
712,DB07,"Bristol, England, UK",1.0,0.0,1.0174293089658022,,,,,,,,,,,4
713,dd3c,ÁôΩÊ≤≥Â∏Ç,1.0,0.0,1.059079460799694,,,,,,,,,,,4
714,17D3,,1.0,0.0,1.136532336473465,,,,,,,,,,,1
715,939e,,3.0,0.0,1.1895571947097778,,,,,,,,,,,4
716,f092,,6.0,4.0,1.0835458934307098,,,,,,,,,,,2
717,9c2e,,30.0,105.0,0.0,,,,,,,,,,,2
718,07A4,,2.0,0.0,1.0164685398340223,,,,,,,,,,,4
719,d09b,,115.0,0.0,0.0,,,,,,,,,,,2
720,9caa,,238.0,3.0,0.0,,,,,,,,,,,2
721,4A04,,1.0,0.0,1.0360586196184158,,,,,,,,,,,4
722,1414,,3254.0,143.0,0.8177160918712616,,,,,,,,,,,4
723,7C8b,,4.0,0.0,0.8864536434412003,,,,,,,,,,,2
724,3add,,9105.0,48986.0,0.0,,,,,,,,,,,2
725,1024,"Silver Spring, MD",1552.0,170.0,1.0466745346784592,,,,,,,,,,,2
726,81Fd,KYOTO,638.0,6.0,0.9817656055092812,,,,,,,,,,,2
727,b136,,1.0,0.0,1.0956513583660126,,,,,,,,,,,1
728,F629,,1.0,0.0,0.9341457933187484,,,,,,,,,,,0
729,F20F,,1.0,0.0,0.9838969223201276,,,,,,,,,,,0
730,F91d,,285.0,2.0,0.8079557716846466,,,,,,,,,,,2
731,52fd,,3.0,20.0,1.0282276310026646,,,,,,,,,,,2
732,311b,,2.0,0.0,0.9811879619956017,,,,,,,,,,,0
733,Ed21,,3.0,0.0,1.1101078763604164,,,,,,,,,,,2
734,4509,,1.0,0.0,0.9307529106736184,,,,,,,,,,,0
735,EAE6,,1.0,0.0,0.9123065248131752,,,,,,,,,,,0
736,A336,,123.0,0.0,0.9261695891618728,,,,,,,,,,,2
737,D32d,,1.0,0.0,0.8709387481212616,,,,,,,,,,,2
738,2baf,,11.0,0.0,1.0905975699424744,,,,,,,,,,,2
739,0a20,,6737.0,1950.0,0.879944771528244,,,,,,,,,,,0
740,e321,,1.0,0.0,1.1171067729592323,,,,,,,,,,,1
741,5f8f,,1.0,0.0,1.0613968148827553,,,,,,,,,,,4
742,000B,,1.0,0.0,0.9624365605413914,,,,,,,,,,,0
743,13fc,Caricuao city,252.0,248.0,0.0,,,,,,,,,,,2
744,529A,,1.0,0.0,0.9260929748415948,,,,,,,,,,,0
745,293b,,1.0,0.0,1.0911109000444412,,,,,,,,,,,1
746,4724,india,20.0,0.0,0.907431960105896,,,,,,,,,,,2
747,6fff,,2.0,1.0,1.1026344448328018,,,,,,,,,,,2
748,050E,,1063.0,10.0,0.9830315336585044,,,,,,,,,,,2
749,99b2,,1.0,1.0,1.0926353931427002,,,,,,,,,,,1
750,86ca,,1.0,0.0,0.8759584724903107,,,,,,,,,,,4
751,ef74,Âú∞‰∏ãÂÆ§,47608.0,1676.0,0.0,,,,,,,,,,,2
752,dfc0,,433.0,325.0,0.0,,,,,,,,,,,2
753,5313,"Arhus, Denmark",98.0,5856.0,0.0,,,,,,,,,,,2
754,d120,,9.0,0.0,0.9487501867115498,,,,,,,,,,,2
755,9449,,3.0,0.0,0.9849206246435642,,,,,,,,,,,0
756,f9d3,Samarinda,11.0,0.0,1.0662049651145935,,,,,,,,,,,2
757,1dab,"Texas, USA",68.0,1633.0,0.8672563135623932,,,,,,,,,,,2
758,9ee4,,168.0,81.0,1.2076154202222824,,,,,,,,,,,2
759,102b,,1.0,0.0,0.9160154908895493,,,,,,,,,,,0
760,0aa0,,1364.0,1.0,0.9916682820767164,,,,,,,,,,,0
761,D31A,,4.0,0.0,1.0619629882276058,,,,,,,,,,,2
762,FC47,,344.0,8021.0,0.8918072357773781,,,,,,,,,,,2
763,1770,1770 Queensland Australia,1666.0,6107.0,1.0744991153478622,,,,,,,,,,,2
764,b54e,,2.0,0.0,1.0896768048405647,,,,,,,,,,,2
765,2505,,1.0,0.0,0.9398705139756204,,,,,,,,,,,0
766,6ae4,,63.0,9.0,1.0510307773947716,,,,,,,,,,,2
767,D1DC,"Wales, UK",1639.0,21.0,0.8437559753656387,,,,,,,,,,,2
768,8Ed8,,1.0,0.0,0.9817656055092812,,,,,,,,,,,2
769,B202,,1.0,0.0,1.1041507869958878,,,,,,,,,,,1
770,afa6,madrid,277.0,110.0,0.9575985074043274,,,,,,,,,,,0
771,2ba8,,116.0,17833.0,0.9594633802771568,,,,,,,,,,,0
772,3193,Tokyo,33.0,13.0,1.0389720536768436,,,,,,,,,,,4
773,36c3,,1.0,0.0,0.0,,,,,,,,,,,2
774,faf2,,5.0,0.0,0.7655066251754761,,,,,,,,,,,2
775,fefd,,1.0,0.0,0.8907885700464249,,,,,,,,,,,4
776,c337,"Qaanaaq, Kalaallit Nunaat",45442.0,19415.0,1.0955548509955406,,,,,,,,,,,2
777,721E,ÂüºÁéâÁúå‰ºäÂ•àÁî∫,387.0,19.0,1.0210277251899242,,,,,,,,,,,2
778,22cc,cosplay ig: whitchcraftcosplay,119616.0,51309.0,1.092730276286602,,,,,,,,,,,2
779,bb03,,29.0,0.0,0.8874398246407509,,,,,,,,,,,2
780,E2A1,,7.0,65.0,1.1259068250656128,,,,,,,,,,,0
781,6013,,2.0,0.0,1.038950577378273,,,,,,,,,,,4
782,2aa1,,3.0,0.0,0.8136650919914246,,,,,,,,,,,0
783,c993,,1.0,0.0,0.9747178871184587,,,,,,,,,,,2
784,5817,,19.0,1.0,0.0,,,,,,,,,,,2
785,035A,,2.0,0.0,1.1239649057388306,,,,,,,,,,,2
786,0094,Èï∑Â¥éÂ∏Ç,1119.0,489.0,1.0956513583660126,,,,,,,,,,,2
787,725F,,441.0,2.0,0.0,,,,,,,,,,,2
788,3223,Mejico,1221.0,449.0,1.0619629882276058,,,,,,,,,,,0
789,86ca,,1.0,0.0,1.0586847364902496,,,,,,,,,,,4
790,a1cd,,1.0,0.0,0.9160154908895493,,,,,,,,,,,0
791,A239,Classified.,2.0,0.0,0.910548448562622,,,,,,,,,,,0
792,EF90,,1.0,0.0,1.0261382833123207,,,,,,,,,,,4
793,4708,,1.0,0.0,0.934460997581482,,,,,,,,,,,0
794,a52e,,2.0,4.0,0.946802455931902,,,,,,,,,,,0
795,20A5,,2.0,0.0,0.945175290107727,,,,,,,,,,,0
796,BC37,"Minneapolis, MN",158.0,6.0,1.0931208729743958,,,,,,,,,,,2
797,6A09,Singapore,2.0,0.0,1.0911109000444412,,,,,,,,,,,2
798,D24C,,1371.0,303.0,0.746949166059494,,,,,,,,,,,2
799,ba1b,,3.0,0.0,0.0,,,,,,,,,,,0
800,32c2,,25.0,0.0,1.0835458934307098,,,,,,,,,,,2
801,bc4b,Seattle WA,173.0,11.0,0.9486710131168364,,,,,,,,,,,2
802,0722,,1.0,0.0,0.9063955917954444,,,,,,,,,,,4
803,cb55,"Tucson, AZ",1.0,0.0,0.911526456475258,,,,,,,,,,,0
804,058A,ÊÑõÁü•Áúå,59.0,0.0,0.8639520108699799,,,,,,,,,,,2
805,ee68,,1.0,0.0,1.01037584990263,,,,,,,,,,,4
806,ae98,,218.0,0.0,0.0,,,,,,,,,,,2
807,c7c8,,63.0,0.0,1.030888769775629,,,,,,,,,,,2
808,8b20,,3.0,0.0,1.1204521656036377,,,,,,,,,,,2
809,D7C5,,1.0,1.0,1.0835458934307098,,,,,,,,,,,1
810,6055,"san diego, ca",4.0,0.0,0.7530497312545776,,,,,,,,,,,2
811,3533,,2.0,0.0,1.124878779053688,,,,,,,,,,,2
812,D1a4,,1.0,0.0,1.0156721100211143,,,,,,,,,,,4
813,A17C,"Petr√≥polis, Brasil",200.0,3033.0,1.0210416913032532,,,,,,,,,,,0
814,5ba8,,1.0,0.0,1.1038861498236656,,,,,,,,,,,1
815,5057,,4.0,645.0,0.8136650919914246,,,,,,,,,,,2
816,B137,,1.0,0.0,0.916719689965248,,,,,,,,,,,0
817,5d62,,1.0,0.0,1.0540032871067524,,,,,,,,,,,4
818,3c35,,979.0,19.0,1.013427060097456,,,,,,,,,,,2
819,ff2b,Del Rio,797.0,37.0,0.0,,,,,,,,,,,2
820,1148,,5.0,0.0,0.9462981894612312,,,,,,,,,,,0
821,d99a,,1.0,0.0,1.1356521546840668,,,,,,,,,,,1
822,23A8,,2.0,0.0,0.9028494283556938,,,,,,,,,,,4
823,D369,,1.0,0.0,0.9165709912776948,,,,,,,,,,,0
824,4D18,"√úT: -6.164094,106.634322",9.0,0.0,1.0548063293099403,,,,,,,,,,,2
825,c2bd,,1.0,0.0,0.8958598971366882,,,,,,,,,,,4
826,5720,,2.0,0.0,1.0588199384510515,,,,,,,,,,,4
827,9635,,1.0,1.0,0.0,,,,,,,,,,,2
828,241D,surabaya,103.0,14.0,1.018638977780938,,,,,,,,,,,2
829,407B,,2.0,0.0,0.9982956200838088,,,,,,,,,,,0
830,22ae,uae,1.0,0.0,1.039601504802704,,,,,,,,,,,4
831,3605,,8.0,0.0,1.0356586202979088,,,,,,,,,,,2
832,ebb5,Toronto,251.0,235.0,1.080144040286541,,,,,,,,,,,0
833,ED99,,50.0,0.0,1.0956513583660126,,,,,,,,,,,2
834,eb55,,1.0,0.0,0.8712259232997894,,,,,,,,,,,2
835,FCE6,,1.0,0.0,1.1286479532718658,,,,,,,,,,,1
836,d5a7,mexico,3036.0,889.0,1.0005806647241116,,,,,,,,,,,0
837,1534,,1.0,0.0,1.009699366055429,,,,,,,,,,,4
838,e5e1,,1.0,0.0,1.1549868881702423,,,,,,,,,,,4
839,3B14,,1.0,0.0,1.0911109000444412,,,,,,,,,,,1
840,f955,,3.0,0.0,0.8918072357773781,,,,,,,,,,,4
841,7ad0,,1.0,0.0,0.0,,,,,,,,,,,2
842,27df,,1.0,0.0,1.0835458934307098,,,,,,,,,,,1
843,26BF,,72.0,134.0,0.9784794561564922,,,,,,,,,,,0
844,f321,,2.0,0.0,0.967581421136856,,,,,,,,,,,0
845,1511,"Penfield, NY",4245.0,1552.0,0.9896160792559384,,,,,,,,,,,0
846,D089,,3.0,8.0,0.0,,,,,,,,,,,2
847,4027,,7.0,0.0,0.0,,,,,,,,,,,2
848,986B,,1.0,0.0,0.9855747483670712,,,,,,,,,,,0
849,6ede,,35.0,0.0,1.0525707229971886,,,,,,,,,,,4
850,59Da,,1.0,0.0,1.068674385547638,,,,,,,,,,,1
851,5f4a,,13.0,0.0,0.9341169521212578,,,,,,,,,,,2
852,f536,,1.0,10.0,0.8029481470584869,,,,,,,,,,,2
853,c993,,1.0,0.0,1.0814836248755455,,,,,,,,,,,1
854,C202,,1.0,0.0,1.0839058607816696,,,,,,,,,,,1
855,5cac,,1.0,0.0,0.9509254358708858,,,,,,,,,,,0
856,8645,"Bucharest, Romania",16.0,0.0,1.0353678986430168,,,,,,,,,,,4
857,b655,,25.0,0.0,1.067156247794628,,,,,,,,,,,4
858,CC12,,19.0,2.0,0.9521583765745164,,,,,,,,,,,4
859,A205,,1.0,0.0,0.9997235219925642,,,,,,,,,,,0
860,3190,"Hotaka Mountains, Japan Alps",2678.0,758.0,0.0,,,,,,,,,,,0
861,58ba,,11.0,0.0,1.0587234050035477,,,,,,,,,,,2
862,e534,,51.0,0.0,1.0510307773947716,,,,,,,,,,,4
863,E626,,1.0,0.0,1.05087623372674,,,,,,,,,,,4
864,1ad3,"Cape Town, South Africa",1.0,17.0,0.7905745506286621,,,,,,,,,,,2
865,1104,Á©¢„Çå„ÅÆÂù©Â†ù,45391.0,14522.0,1.103562980890274,,,,,,,,,,,2
866,5053,,8.0,1.0,0.9916682820767164,,,,,,,,,,,0
867,9125,,52.0,0.0,0.9276446253061296,,,,,,,,,,,2
868,913D,,2031.0,31.0,1.0861584842205048,,,,,,,,,,,2
869,f05c,,1.0,0.0,1.0292582102119925,,,,,,,,,,,4
870,8e88,‡∏Å‡∏ó‡∏°,13.0,101.0,1.2704078555107117,,,,,,,,,,,3
871,ff40,,1.0,0.0,1.0896768048405647,,,,,,,,,,,1
872,5d57,,222.0,0.0,0.9821721501648426,,,,,,,,,,,2
873,5517,,2.0,22.0,0.9963911678642036,,,,,,,,,,,0
874,737d,,3.0,3.0,0.9823745042085648,,,,,,,,,,,0
875,1A14,,1.0,0.0,1.088218867778778,,,,,,,,,,,1
876,6121,,2.0,2.0,0.9940508753061296,,,,,,,,,,,0
877,6013,,2.0,0.0,0.9517912417650224,,,,,,,,,,,0
878,a525,,1.0,0.0,1.0556489489972591,,,,,,,,,,,4
879,BD45,,3.0,0.0,0.940512478351593,,,,,,,,,,,0
880,8022,„Å´„ÇÉ„Åî„ÇÑ,28125.0,817.0,1.001960352063179,,,,,,,,,,,0
881,82c1,,1.0,0.0,1.0799170210957527,,,,,,,,,,,1
882,D1Ed,Western Australia,4.0,0.0,1.0520314648747444,,,,,,,,,,,2
883,847D,,6.0,0.0,1.0619629882276058,,,,,,,,,,,2
884,2c38,,4.0,0.0,0.8587437719106674,,,,,,,,,,,2
885,0587,,1.0,0.0,1.095641165971756,,,,,,,,,,,1
886,BC21,"√úT: 40.615533,-74.602263",4.0,3.0,1.0156721100211143,,,,,,,,,,,0
887,16Bf,,8.0,0.0,0.9160154908895493,,,,,,,,,,,2
888,5bff,,1.0,0.0,1.0918125808238983,,,,,,,,,,,1
889,95D3,trujillo,1.0,0.0,0.8743348568677902,,,,,,,,,,,4
890,dc3e,,57.0,328.0,0.9410378970205784,,,,,,,,,,,2
891,bdf8,,1.0,0.0,0.9503208845853806,,,,,,,,,,,0
892,2aa1,,3.0,0.0,0.0,,,,,,,,,,,0
893,1d57,,4.0,0.0,0.0,,,,,,,,,,,2
894,e471,,1.0,0.0,0.7530497312545776,,,,,,,,,,,2
895,1922,,1.0,0.0,0.8629091084003448,,,,,,,,,,,2
896,E2A1,,7.0,65.0,1.0911109000444412,,,,,,,,,,,4
897,16e9,,2.0,0.0,0.8437281101942062,,,,,,,,,,,0
898,a5b6,,4.0,0.0,0.931686669588089,,,,,,,,,,,2
899,6eb1,,452.0,55.0,0.9861188046634196,,,,,,,,,,,0
900,fd37,,1.0,0.0,1.0169611908495426,,,,,,,,,,,4
901,F1A8,,1.0,0.0,1.0629943758249285,,,,,,,,,,,4
902,4331,,5.0,0.0,1.075557380914688,,,,,,,,,,,2
903,9631,,1.0,0.0,1.1204521656036377,,,,,,,,,,,1
904,c3c9,,1.0,0.0,0.8897005766630173,,,,,,,,,,,4
905,89Eb,ÿßŸÑÿπÿ±ÿßŸÇ ÿ™ŸÉÿ±Ÿäÿ™,2.0,1.0,0.9896160792559384,,,,,,,,,,,0
906,FB99,,1.0,0.0,1.064526453614235,,,,,,,,,,,1
907,b23d,,23.0,41.0,1.0744991153478622,,,,,,,,,,,4
908,c834,,11.0,0.0,1.0834145843982697,,,,,,,,,,,2
909,40Ca,,2.0,0.0,0.9178035408258438,,,,,,,,,,,0
910,13b3,S√£o Paulo/ Minas Gerais,36.0,0.0,0.946802455931902,,,,,,,,,,,4
911,f849,VENEZUELA,21986.0,4542.0,0.0,,,,,,,,,,,0
912,0971,,2.0,0.0,0.8567758947610855,,,,,,,,,,,4
913,5817,,19.0,1.0,0.905653327703476,,,,,,,,,,,2
914,bbfe,,63.0,1.0,0.801528811454773,,,,,,,,,,,2
915,14fe,Èñ¢Êù±,30.0,0.0,1.0035620890557766,,,,,,,,,,,0
916,827b,,3.0,0.0,1.1423188149929049,,,,,,,,,,,2
917,c63d,Wasaga  Beach,1.0,4.0,0.8668267577886581,,,,,,,,,,,2
918,2d4d,,1.0,0.0,0.805872231721878,,,,,,,,,,,2
919,cb29,Tokyo Japan,13286.0,69.0,0.7842349410057068,,,,,,,,,,,0
920,442A,,10.0,0.0,1.0003425609320402,,,,,,,,,,,0
921,1418,,3.0,0.0,0.8958598971366882,,,,,,,,,,,0
922,d337,"√úT: -7.280384,112.783219",202.0,2.0,0.997181098908186,,,,,,,,,,,0
923,6817,,62.0,0.0,0.9696632772684096,,,,,,,,,,,2
924,ADFC,Atlanta,5.0,0.0,1.0013723485171795,,,,,,,,,,,0
925,2491,,10.0,0.0,0.990782469511032,,,,,,,,,,,0
926,06Cd,,9.0,571.0,1.237259417772293,,,,,,,,,,,3
927,b882,izmirrrr,2.0,0.0,1.0609987378120422,,,,,,,,,,,4
928,a0a1,,117.0,22.0,0.9947306625545024,,,,,,,,,,,0
929,2AD7,New Jersey,3554.0,1822.0,0.9285459518432616,,,,,,,,,,,2
930,8e91,,1.0,0.0,0.946802455931902,,,,,,,,,,,0
931,6335,ÿßÿπŸÖÿßŸÇ ÿßŸÑÿßŸÜÿ™ÿ±ŸÜÿ™,44.0,49.0,1.0900651067495346,,,,,,,,,,,4
932,5cc5,South Korea,21.0,0.0,0.0,,,,,,,,,,,2
933,CCAC,"Pittsburgh, PA",18780.0,9885.0,1.0122203323990109,,,,,,,,,,,0
934,5e30,,411.0,0.0,0.9594633802771568,,,,,,,,,,,0
935,21CF,,2542.0,762.0,0.9807279035449028,,,,,,,,,,,0
936,6E66,bcn,1.0,0.0,1.0001238472759724,,,,,,,,,,,0
937,2ac9,,140.0,2.0,0.958219178020954,,,,,,,,,,,0
938,949B,Houston Tx.,1.0,0.0,0.9811632875353098,,,,,,,,,,,2
939,ce19,,1.0,0.0,0.9739635363221169,,,,,,,,,,,2
940,8106,Mexico City,15679.0,2740.0,0.0,,,,,,,,,,,0
941,c4a7,,20.0,7.0,1.0463272109627724,,,,,,,,,,,4
942,7258,"ÏÑúÏö∏ÌäπÎ≥ÑÏãú, ÌïúÍµ≠",138.0,0.0,0.9372914135456084,,,,,,,,,,,2
943,4164,,1.0,0.0,1.0896768048405647,,,,,,,,,,,1
944,715D,,4.0,0.0,1.0623372122645378,,,,,,,,,,,2
945,00Ea,Rize - Cb√º,2180.0,316.0,1.075557380914688,,,,,,,,,,,2
946,c388,,14.0,3.0,0.8874398246407509,,,,,,,,,,,2
947,4d5d,,1.0,0.0,0.9770047627389432,,,,,,,,,,,2
948,b076,Canada,1.0,0.0,0.801528811454773,,,,,,,,,,,2
949,F1b0,Sevilla,15588.0,97.0,0.8847167789936066,,,,,,,,,,,0
950,0822,Toronto Canada,8.0,0.0,1.0702754482626915,,,,,,,,,,,2
951,deb0,"Orange County, CA",1060.0,1059.0,0.8352603316307068,,,,,,,,,,,2
952,984F,,77.0,0.0,1.0136187970638275,,,,,,,,,,,2
953,563e,"ÿßŸÑÿ±Ÿäÿßÿ∂, ÿßŸÑŸÖŸÖŸÑŸÉÿ© ÿßŸÑÿπÿ±ÿ®Ÿäÿ© ÿßŸÑÿ≥ÿπŸàÿØŸäÿ©",81.0,544.0,1.1239649057388306,,,,,,,,,,,0
954,2628,,1.0,0.0,1.0619629882276058,,,,,,,,,,,4
955,fe90,Italy,1.0,0.0,0.9163310676813126,,,,,,,,,,,0
956,97Db,,12.0,1.0,1.1687451004981997,,,,,,,,,,,2
957,4b01,,4.0,5.0,1.0237663462758064,,,,,,,,,,,2
958,6896,ÂÆÆÂüéÁúå,16.0,19.0,0.9851210676133632,,,,,,,,,,,4
959,505c,,1.0,0.0,0.9801200814545156,,,,,,,,,,,2
960,3eca,Melbourne ,5.0,1.0,0.9849402159452438,,,,,,,,,,,0
961,1FBA,Near Water in a  RIPTIDE,1058.0,141.0,0.9811595007777214,,,,,,,,,,,0
962,123C,,4.0,0.0,0.0,,,,,,,,,,,2
963,34a3,,1.0,0.0,1.019528940320015,,,,,,,,,,,4
964,3361,,12.0,0.0,0.8452791273593903,,,,,,,,,,,2
965,1fd0,,3.0,0.0,0.946802455931902,,,,,,,,,,,0
966,15e9,,1.0,1.0,0.966873038560152,,,,,,,,,,,2
967,4398,,2.0,0.0,1.2238441407680511,,,,,,,,,,,3
968,d830,,3.0,0.0,0.0,,,,,,,,,,,0
969,196B,,1.0,0.0,1.0365874543786049,,,,,,,,,,,4
970,eb54,,2.0,0.0,0.9295925199985504,,,,,,,,,,,0
971,D05D,,2747.0,8.0,1.008736103773117,,,,,,,,,,,0
972,2706,,1.0,0.0,0.9594633802771568,,,,,,,,,,,0
973,5598,,1.0,0.0,1.0690546184778214,,,,,,,,,,,1
974,1506,,1.0,0.0,0.9372914135456084,,,,,,,,,,,0
975,c2a0,"Manaus, Brasil",2.0,7.0,1.1140134558081627,,,,,,,,,,,2
976,bc45,,2.0,0.0,1.079015113413334,,,,,,,,,,,4
977,9e6a,,88.0,1.0,1.127700299024582,,,,,,,,,,,2
978,E804,China... I mean Richmond,36.0,0.0,0.9572944715619088,,,,,,,,,,,4
979,944e,,7.0,0.0,0.7530497312545776,,,,,,,,,,,2
980,ae5c,Oklahoma City,107.0,119.0,1.0549428053200245,,,,,,,,,,,0
981,823C,,335.0,0.0,0.9896160792559384,,,,,,,,,,,0
982,27cc,,1.0,0.0,1.0362948179244995,,,,,,,,,,,4
983,773D,,3.0,0.0,0.9321727752685548,,,,,,,,,,,0
984,c0dd,"Bushwick, Brooklyn",22260.0,7255.0,1.1065329611301422,,,,,,,,,,,2
985,a4e5,,120.0,0.0,0.8743348568677902,,,,,,,,,,,2
986,4436,,1.0,0.0,0.9053933918476104,,,,,,,,,,,4
987,f3c5,,12.0,6.0,0.91839399933815,,,,,,,,,,,2
988,b438,,4125.0,16849.0,1.077941596508026,,,,,,,,,,,0
989,dc95,,4.0,0.0,0.7754333168268204,,,,,,,,,,,2
990,9777,,3.0,0.0,1.0662049651145935,,,,,,,,,,,4
991,db1a,,5.0,0.0,1.1133657842874527,,,,,,,,,,,2
992,3E29,,2.0,0.0,0.940512478351593,,,,,,,,,,,0
993,CCCE,,109.0,158.0,1.075557380914688,,,,,,,,,,,0
994,06Ab,,3.0,0.0,1.0445311069488523,,,,,,,,,,,0
995,88AD,Both Bournemouth & Glasgow,23.0,5.0,1.0169145204126837,,,,,,,,,,,4
996,28Bb,,2.0,0.0,1.0592005662620068,,,,,,,,,,,4
997,B4E3,,1.0,0.0,1.0351736769080162,,,,,,,,,,,4
998,1154,,29.0,0.0,0.9259240478277206,,,,,,,,,,,2
999,F09B,,19.0,0.0,0.0,,,,,,,,,,,2
1000,Jerry,,3.0,5.0,1.0609987378120422,,,,,,,,,,,4
1001,Admin,,15.0,22.0,1.1136599630117416,,,,,,,,,,,4
