_key,username,location,post_count,likes,keyword
1,DaryLS,ÂÖãÊãâÊ†ºÁöÑ‰ΩèÊâÄ,5.0,15.0,1.3095375895500183
2,CCnono,,4.0,11.0,0.9424816519021988
3,Dominic,,1.0,2.0,1.0921002253890038
4,Jerry,,3.0,5.0,0.0
5,Admin,,15.0,22.0,1.0804874300956726
6,‰∏É‰∏É,,,,0.0
7,leshu,,5.0,10.0,1.3095375895500183
8,iii,,1.0,2.0,1.1768076121807098
9,N_N,,,,0.0
10,Â≠¶‰π†‰πãÊòüÈªÑËø™Êô®,,,,0.0
11,metabeing,,3.0,6.0,1.036638006567955
12,excalibur,,,,0.0
13,Gllaucus,,,,0.0
14,jflam,,,,0.0
15,Êúâ‰∫ãËØ¥ËØù,,1.0,2.0,0.7710159718990326
16,Nathan,,,,0.0
17,guluglu,,,,0.0
18,ËìùÁ∫¢Ê∞¥,,,,0.0
19,Weeknd,,,,0.0
20,Alicia,,,,0.0
21,Afirmiana,,1.0,2.0,1.0568363517522812
22,Shirley,,,,0.0
23,ÁõêÁÑóÂúüË±Ü_,,2.0,4.0,0.9329290241003036
24,shrimp,,1.0,2.0,0.9172818809747696
25,ÂâçÈî¶‰ººÊµ∑,,1.0,2.0,1.071427397429943
26,JojoÂßê,,,,0.0
27,panlis,,,,0.0
28,A4A,"Bilbao, Espa√±a",5430.0,4268224551293.0,0.93304193764925
29,1a0,,2.0,0.0,0.7326259016990662
30,bdf,,11.0,14.0,1.1099969670176506
31,e36,Brisbane,2977.0,16974.0,0.875835731625557
32,7FE,"California, USA",2875.0,7956.0,0.9363942742347716
33,5aa,,2.0,1.0,1.082620546221733
34,F0B,,4318.0,1560.0,1.140999257564545
35,da6,,2.0,0.0,0.8858307600021362
36,134,,108.0,19.0,1.0359485521912577
37,894,,1333.0,1.0,0.9929414764046668
38,223,,1.0,0.0,0.0
39,130,osaka,11768.0,40082.0,1.0059682205319405
40,49,,1.0,4518.0,0.6833181381225586
41,6dd,,1115.0,2311.0,1.0143425278365612
42,AB3,,38.0,2.0,0.9726948589086531
43,b64,"Colorado, USA",1.0,0.0,0.9343186840415
44,2fa,,2.0,0.0,0.9173177033662796
45,f2e,,98.0,52.0,1.081414744257927
46,560,Wolfsburg,800.0,5289.0,0.9763887394219636
47,577,,1.0,0.0,1.0608836635947227
48,1bc,,1.0,0.0,1.0015809535980225
49,cbd,,1.0,0.0,0.944730207324028
50,3ac,Palm Beach,367.0,12597.0,1.03499873355031
51,6da,,413.0,675.0,0.9698994159698486
52,A5C,,21.0,6.0,1.1758998334407806
53,710,Âª£Â∑ûCanton,2095.0,2060.0,0.8624908328056335
54,e2d,,11.0,0.0,1.013450808823109
55,248,,3.0,0.0,0.953718539327383
56,A20,San Francisco,86.0,6.0,0.8651712834835052
57,bd7,,3.0,0.0,0.8074783831834793
58,38b,,2.0,0.0,0.936886951327324
59,2b5,,3.0,0.0,1.0481603480875492
60,E17,,1.0,0.0,0.8495770245790482
61,2ca,,2.0,0.0,1.2025932669639587
62,631,,1.0,0.0,0.8593506366014481
63,1f0,,161.0,7.0,1.1136677414178848
64,d43,,12.0,0.0,0.9643355309963226
65,17C,,4.0,0.0,0.900668554008007
66,983,,2213.0,1055.0,0.957818478345871
67,51A,Â§ßÈò™,6533.0,684.0,0.8865465372800827
68,F0A,,1.0,0.0,1.0156171396374702
69,565,London,141.0,426.0,0.9460070095956326
70,b6d,,4.0,0.0,0.9396997019648552
71,4a9,,2.0,0.0,0.9486629292368888
72,9db,Kuwait,139.0,35.0,0.9614899978041648
73,784,,2.0,0.0,0.846106544137001
74,435,,5.0,1.0,0.8056010901927948
75,8.00E+00,,4.0,0.0,0.7785840928554535
76,4b3,,3.0,0.0,0.8707508593797684
77,b86,Riyadh,286.0,15.0,0.8085068911314011
78,a77,heywood,194.0,33.0,1.025909073650837
79,B59,,17.0,128.0,0.0
80,488,,4.0,0.0,1.1054247841238976
81,24,Schipluiden,361.0,6.0,0.8141946196556091
82,110,,1.0,0.0,1.0191543102264404
83,Beb,,66.0,24.0,0.9035971760749816
84,60e,"ÿßŸÑÿ±Ÿäÿßÿ∂, ÿßŸÑŸÖŸÖŸÑŸÉÿ© ÿßŸÑÿπÿ±ÿ®Ÿäÿ© ÿßŸÑÿ≥ÿπŸàÿØŸäÿ©",74.0,16.0,0.9460070095956326
85,60e,,1.0,0.0,1.2241886258125303
86,371,,1.0,0.0,1.0931216552853584
87,CB2,,1.0,0.0,1.0931216552853584
88,4.00E+05,,24.0,0.0,1.1402064561843872
89,C9E,"Chicago, IL",17459.0,3620.0,1.1073169112205503
90,bdb,,2.0,0.0,0.0
91,223,,3.0,0.0,1.0539131686091423
92,4d9,Barcelona,12346.0,3.0,0.7522224485874176
93,A65,,1.0,4518.0,0.6833181381225586
94,95D,,1.0,0.0,0.0
95,108,,1.0,0.0,0.0
96,237,"Recife, Pernambuco",114.0,1130.0,0.7713826596736908
97,f38,"New York, NY",47407.0,9068.0,1.140999257564545
98,921,"Tel-Aviv, Israel",59.0,0.0,1.0035496233031154
99,93D,,1.0,0.0,0.0
100,D31,tokyo,17842.0,850.0,0.9739027619361876
101,7B8,,61.0,749.0,1.074537642300129
102,41F,,12.0,0.0,1.0347533822059631
103,f48,Riyadh,7.0,0.0,0.7109212875366211
104,3b5,,4.0,0.0,1.2066666930913923
105,64e,,11.0,0.0,0.8625070452690125
106,314,Somewhere in this world,364.0,10.0,0.8861680403351784
107,8fe,world,2303.0,583.0,0.9235576689243316
108,d3d,,2.0,0.0,0.0
109,815,,73.0,9.0,1.0952383503317833
110,b7e,,13.0,0.0,0.9396997019648552
111,FC8,,1.0,0.0,0.0
112,B79,,2.0,10.0,0.0
113,69b,,180.0,0.0,1.03499873355031
114,47a,"Temple, TX",1717.0,12551.0,1.1598816812038422
115,D3A,,1.0,0.0,0.8858307600021362
116,804,puerto cabello,11.0,0.0,1.2065321207046509
117,e42,"Quer√©taro, Mexico",8214.0,2528.0,0.8861680403351784
118,6.00E+04,Richmond VA,13.0,0.0,0.994828462600708
119,33c,,3.0,0.0,0.0
120,Ab8,"ÿßŸÑÿ±Ÿäÿßÿ∂, ÿßŸÑŸÖŸÖŸÑŸÉÿ© ÿßŸÑÿπÿ±ÿ®Ÿäÿ© ÿßŸÑÿ≥ÿπŸàÿØŸäÿ©",46819.0,2917.0,1.06105674803257
121,15a,,1.0,0.0,0.0
122,901,,14.0,0.0,0.9797067865729332
123,cd2,"Verspreide huizen Epse, Lochem",1198.0,10.0,0.9447445720434188
124,570,Santiago Centro,160.0,0.0,1.159152626991272
125,5ea,,1.0,0.0,1.3510956764221191
126,B25,"Williamsport, PA",31.0,0.0,0.9351083636283876
127,90a,,16.0,0.0,0.9643355309963226
128,A94,,5.0,0.0,1.0191543102264404
129,Dea,,2.0,0.0,0.8393528163433075
130,694,,2.0,0.0,0.0
131,8d6,"La Guaira, Venezuela",1187.0,723.0,0.9489254541695118
132,F03,"Oslo, Norway",1.0,0.0,1.0215682685375214
133,ccc,,3.0,0.0,1.0213843025267124
134,6F9,,3.0,0.0,0.6842315196990967
135,332,,839.0,0.0,1.237846612930298
136,8C2,"Bilbao, Espa√±a",5447.0,4278.0,0.93304193764925
137,ea5,"south wales, uk",410.0,14.0,0.8190005719661713
138,0d1,,2732.0,344.0,1.0222438499331474
139,521,rio,752.0,64573.0,1.1313448548316956
140,5f3,,145.0,1119.0,1.1568908095359802
141,b9c,,1.0,0.0,1.0201900489628315
142,440,Guayaquil,1.0,0.0,1.111822359263897
143,571,,13.0,0.0,1.0176885165274143
144,214,,1.0,0.0,0.0
145,E40,,3.0,1.0,1.1099969670176506
146,58b,,1.0,0.0,0.0
147,6B9,707 Vallejo Ca. Bay Area ,38050.0,12708.0,0.8425988256931305
148,02c,,1.0,0.0,0.8836969286203384
149,756,ÿ±ÿ£ÿ≥ ÿßŸÑÿÆŸäŸÖÿ©,26.0,470.0,1.0492581352591517
150,89,ÿ®Ÿäÿ™ŸÜÿßüôÑ,2874.0,159.0,0.9151900261640548
151,03a,,1.0,0.0,0.9089339673519136
152,E61,,1.0,152.0,0.9240094795823096
153,b1b,,397.0,372.0,0.9363942742347716
154,Da2,JAPAN,22444.0,6091.0,0.7818307876586914
155,2D6,,1.0,0.0,1.0458168052136898
156,35c,,1.0,0.0,0.9173177033662796
157,819,,2079.0,20.0,0.9072044491767884
158,b46,,8.0,27.0,0.9664982706308364
159,A2C,JPN.,5262.0,1460.0,0.9662374705076218
160,ca6,,13.0,27.0,0.71585413813591
161,E82,shibuya tokyo japan,522.0,24.0,0.8731990903615952
162,5D3,,2.0,0.0,1.0562057234346869
163,915,,53.0,15.0,1.0236946940422058
164,2b5,San Juan de Pasto,18.0,19.0,1.0463519394397736
165,cde,beijing,7.0,0.0,1.2776923775672913
166,217,,2.0,0.0,1.2025932669639587
167,72c,,1.0,0.0,1.0191543102264404
168,2ca,,21.0,13.0,1.0481603480875492
169,e28,,7.0,0.0,0.8634447455406189
170,F4F,,161.0,7.0,1.1136677414178848
171,2CC,,1.0,0.0,0.0
172,49,,1759.0,119.0,1.0481603480875492
173,376,"Canberra, Australia",52766.0,1624.0,0.7648385912179947
174,1bc,,38.0,2.0,0.9726948589086531
175,CB2,,2.0,0.0,0.9481292255222796
176,4be,Palm Beach,367.0,12597.0,1.03499873355031
177,BC1,"Chicago, IL",17459.0,3620.0,1.1073169112205503
178,D66,Madhya Pradesh,48.0,0.0,0.9173177033662796
179,d99,British Columbia,83010.0,111.0,0.8238800466060638
180,4.00E+01,Nederland,26467.0,6737.0,1.1173112392425537
181,4EC,Indonesia,7748.0,230.0,0.8861680403351784
182,FCA,south korea,1.0,0.0,1.210121974349022
183,996,"Redlands, CA",10.0,6.0,1.1295022070407867
184,C2E,"Manhattan, NY",3554.0,256.0,1.1134995222091677
185,431,,1.0,0.0,0.7906706929206848
186,610,"Dallas/Ft. Worth/Midlothian,TX",17213.0,1951.0,1.1081858202815056
187,F91,Amsterdam,687.0,2.0,1.0802365317940712
188,978,,1.0,0.0,0.9262204393744468
189,99,Êñ∞ÊΩüÁúå„ÄÄ‰∏≠Ë∂ä,81.0,0.0,0.9715986214578152
190,ead,Taiwan,95.0,0.0,1.3088724613189695
191,196,,1.0,0.0,0.0
192,acf,SF | NY,845.0,6371.0,0.8592151254415512
193,bf5,,1.0,1.0,1.0741131752729416
194,4ed,"France, Spain, USA, UK, Canada, Spain, Germany, Italy + nearly 50 countries around the world.",6924.0,0.0,0.8689272701740265
195,6C9,,14.0,1077.0,0.9785376209765672
196,B93,,24.0,0.0,1.0526145845651629
197,6cd,Al Bukairiyah - üá∏üá¶,17689.0,42.0,0.9151900261640548
198,35c,West Michigan!,2068.0,0.0,1.0653825849294662
199,891,,1.0,0.0,0.7546165883541107
200,01a,,8.0,27.0,0.9664982706308364
201,cdd,SoCal,1.0,0.0,0.8296602666378021
202,C69,"Fort Wayne, Indiana",31.0,2.0,1.0233209282159803
203,1FD,Atlanta,92.0,115.0,1.1031118407845495
204,685,,12.0,2.0,1.0243134535849094
205,d7c,,1.0,0.0,0.0
206,25F,"Camp Pendleton North, CA",425.0,16998.0,1.1568908095359802
207,ade,,1.0,0.0,0.8710290044546127
208,651,AL AHSSA and jazan,1845.0,687.0,0.8625070452690125
209,b51,"Godalming, UK",37992.0,15770.0,0.9682857617735864
210,A41,,1.0,0.0,0.9261022359132768
211,6B9,,1.0,0.0,1.0975204780697825
212,B53,,19.0,0.0,0.9146392419934272
213,9F1,ÿ±ÿ£ÿ≥ ÿßŸÑÿÆŸäŸÖÿ©,26.0,470.0,1.0492581352591517
214,A5C,Dublin Ireland,167.0,350.0,1.088428147137165
215,229,,53.0,0.0,1.0365497097373009
216,Ede,,11.0,0.0,1.013450808823109
217,e95,,2.0,1.0,0.7633753716945648
218,6D1,,4.0,0.0,1.0122980698943138
219,70a,,1.0,0.0,0.9494421482086182
220,134,,9.0,0.0,1.0991408675909042
221,756,,2.0,0.0,0.9769617076963186
222,9Eb,,1.0,0.0,0.0
223,a95,,1.0,0.0,0.9089339673519136
224,86b,Madrid,11062.0,12380.0,0.8670114576816559
225,d0b,,1.0,0.0,1.0127720925956964
226,7FE,ÿπŸÑŸâ ŸÇŸäÿØ ÿ£ŸèŸÖŸÜŸäÿ©,218.0,25.0,0.9789337143301964
227,28b,Tokyo,2097.0,177.0,0.9863880835473536
228,b7d,,4320.0,1562.0,1.140999257564545
229,466,S√£o Paulo Brazil,10.0,0.0,0.9460070095956326
230,555,,1.0,0.0,0.988116268068552
231,14B,Japan,4.0,0.0,0.7483919560909271
232,120,"Bristol, UK",6568.0,4574.0,0.7713826596736908
233,afb,,18.0,0.0,1.132811218500137
234,40,,7285.0,3129.0,1.1591461300849917
235,1ee,,3256.0,32.0,0.9789337143301964
236,ba2,,1.0,0.0,0.8484668433666229
237,db7,,114.0,15.0,1.0755631178617475
238,f86,,20.0,2.0,0.9857017993927002
239,578,,1113.0,16.0,0.9820000119507312
240,F40,,56.0,2.0,0.9117717146873474
241,4ad,"30.316944,-91.123266",1.0,0.0,1.1081858202815056
242,CD5,,4.0,1.0,0.6521890461444855
243,02e,"Beijing, China",329.0,10.0,0.896741971373558
244,C37,Maryland,206.0,127.0,0.9560401290655136
245,63,,3.0,0.0,0.9750350713729858
246,174,"Dallas, TX",220.0,169.0,0.7847225964069366
247,da4,"Madurai South, India",5.0,90.0,1.2065321207046509
248,Be5,,4.0,0.0,1.0233209282159803
249,48B,"Chicago, IL",1473.0,408.0,0.9494421482086182
250,C0A,,2.0,0.0,0.8623083531856537
251,A44,,17.0,11.0,1.00719643663615
252,8,,1.0,0.0,1.1493729501962662
253,f4e,,4.0,0.0,0.8867853209376335
254,910,"Eyes only, love.",15.0,0.0,1.069444976747036
255,1b14,Wiesbaden,11.0,22.0,0.953391432762146
256,ca56,,1.0,0.0,1.064295880496502
257,3817,24,10.0,0.0,1.071427397429943
258,5ea6,,1.0,0.0,0.0
259,f7ad,,5.0,0.0,0.7680944204330444
260,102b,,1.0,0.0,1.19384503364563
261,df71,"ÿßŸÑŸÖÿØŸäŸÜÿ© ÿßŸÑŸÖŸÜ, ÿßŸÑŸÖŸÖŸÑŸÉÿ© ÿßŸÑÿπÿ±ÿ®Ÿäÿ© ",1568.0,0.0,1.2049550712108612
262,e26c,,1.0,0.0,1.1751202642917633
263,566,,23.0,45.0,0.8659365177154541
264,0d2e,,1.0,0.0,1.19384503364563
265,01f5,,1.0,0.0,0.0
266,F337,,2.0,0.0,1.0481603480875492
267,2f26,peru,4.0,0.0,0.915467381477356
268,6f12,S.E.O.U.L,1.0,0.0,1.1137909293174744
269,4255,,74.0,6163.0,0.9789337143301964
270,7690,,1232.0,5.0,0.9760087374597788
271,ec21,Bremerton Wa,99.0,13.0,0.8359658718109131
272,33c5,,1.0,0.0,0.909735657274723
273,6414,,10.0,457.0,1.1913862079381945
274,1448,,4.0,0.0,0.9021741896867752
275,a8b8,,1.0,0.0,0.8593506366014481
276,9973,India,2.0,1.0,1.1274335384368896
277,6743,"Rio de Janeiro, Brasil",16.0,44.0,0.6464441418647766
278,f509,,4.0,5.0,0.9494421482086182
279,6119,,4.0,3.0,0.8593506366014481
280,f7a9,,2.0,0.0,0.8256473392248154
281,5e5a,,5.0,18.0,0.8783071115612984
282,5543,,665.0,0.0,1.0187650192528963
283,d8c0,Jeddah,98.0,14.0,0.9151900261640548
284,5.30E+03,,1.0,0.0,0.9205386564135551
285,EFBA,,17.0,2.0,0.7706229984760284
286,2160,,4.0,1.0,1.005084991455078
287,ad13,"Chaclacayo, Lima, Per√∫",3266.0,10.0,1.225679412484169
288,8948,,1583.0,8.0,0.7818307876586914
289,2645,,1.0,0.0,0.9796203821897508
290,b012,Sakura City,536.0,10.0,1.1724961251020432
291,586C,                                                                                                                        ,4914.0,33468.0,0.8794224262237549
292,394a,,2.0,0.0,0.8329418450593948
293,91a8,,1.0,0.0,0.0
294,7D71,ÿßŸÑŸÉŸàŸäÿ™,847.0,15.0,1.0926613062620163
295,0db0,,1.0,0.0,0.9402681142091752
296,2fab,,2.0,0.0,0.9946581292897464
297,f6aa,,1091.0,423.0,1.10298740118742
298,1243,Canada,2.0,0.0,1.053438887000084
299,e7e6,"San Nicolas de los Garza, Mexico",15.0,0.0,0.9867891240864992
300,7a40,,7.0,0.0,0.8069206774234772
301,625,"Ankara, T√ºrkiye",26.0,135.0,1.0599863342940807
302,eb55,,5.0,10.0,1.1539981365203855
303,c884,,71.0,4.0,0.8186251223087311
304,ae89,,1.0,0.0,0.0
305,5122,Êñ∞ÂÆøÂå∫,18517.0,45920.0,0.9176334515213966
306,8469,,821.0,4339.0,1.2192618250846865
307,5c44,,78.0,0.0,0.7680944204330444
308,32B9,,1.0,0.0,0.9898401983082294
309,e961,,1.0,0.0,1.19384503364563
310,864c,,3.0,0.0,0.8625070452690125
311,208,"√úT: 0.52571,101.448067",2977.0,3.0,0.9364300221204758
312,Deb9,Á¨¨Èõ∂‰∏ãÂõõÂçÅ‰∏ÄÈöéÂ±§ÈÉΩÂ∏Ç„Äå„Ç¢„Çµ„Éí„Ç´„ÉØ„Äç,9484.0,57.0,0.9422179460525512
313,2.00E+30,,5.0,0.0,1.0191543102264404
314,EB72,,1.0,0.0,0.0
315,3c52,,98.0,0.0,0.7211018204689026
316,90ea,,309.0,2841.0,0.9654181972146034
317,AE70,,2.0,0.0,0.0
318,1128,,27.0,0.0,1.078117348253727
319,7678,,52.0,2.0,0.9470536187291144
320,3B44,,1.0,0.0,0.0
321,A169,,1.0,0.0,0.8541007786989212
322,4371,,13.0,0.0,1.008357860147953
323,13b8,,1.0,0.0,0.0
324,83b3,"Johannesburg, South Africa",45.0,0.0,0.8022820353507996
325,812d,,9.0,0.0,0.9456734955310822
326,a102,Queensland australia,133.0,453.0,1.1018823981285095
327,D659,,2.0,0.0,0.8858307600021362
328,dcaa,,3.0,0.0,0.8849873170256615
329,95cc,„Éï„Éº„Ç∑„É£Êùë,11.0,0.0,1.086242362856865
330,e5ff,"Madison, WI",336.0,3.0,1.047485068440437
331,74a3,madrid,1.0,0.0,0.0
332,c46d,,1.0,0.0,1.19384503364563
333,F3b6,,2490.0,543.0,1.104421965777874
334,541D,,5.0,226.0,1.0156171396374702
335,150c,,2.0,0.0,1.005084991455078
336,e451,Bandung,164.0,5443.0,0.9654181972146034
337,198a,"Ê®™ÊµúÂ∏Ç
",599.0,9.0,1.119960494339466
338,930E,,11.0,0.0,0.9520473256707191
339,cca2,,1.0,0.0,1.19384503364563
340,BA18,,2.0,0.0,0.9585468992590904
341,FDC2,,6.0,0.0,1.031052567064762
342,035A,,1.0,0.0,1.0533155091106892
343,7929,,2.0,0.0,1.1625086069107056
344,e215,,2.0,0.0,0.9492447674274443
345,9Bad,,9.0,8.0,1.041048787534237
346,c1b2,,3022.0,3274.0,0.8634447455406189
347,7ab3,,5.0,0.0,1.04286315664649
348,bac7,,1.0,0.0,1.0559814982116222
349,B507,,1.0,0.0,0.0
350,fe3d,,12.0,649.0,1.1147805154323578
351,a2c0,,4.0,0.0,1.0828465223312378
352,bb9c,EUA,1.0,0.0,1.0562057234346869
353,bf79,,1.0,1.0,0.8259358704090118
354,7C8b,,2.0,0.0,0.7776817977428436
355,BF3C,Budapest,7967.0,562.0,1.0254357811063528
356,AD22,,4.0,0.0,0.8956739529967308
357,590A,Paris,5.0,1.0,1.0802365317940712
358,A135,,2.0,0.0,1.0051963366568089
359,6020,"Staffordshire, United Kingdom",5.0,1.0,0.9785376209765672
360,4974,,2.0,0.0,1.039795771241188
361,7429,,5.0,1.0,0.9681091010570526
362,be58,,1.0,0.0,1.082700341939926
363,15f7,"seoul, korea",7.0,0.0,0.8677363395690918
364,C57D,,1.0,0.0,1.093028075993061
365,B137,,5.0,1.0,1.10298740118742
366,D27F,,2981.0,1130.0,1.0559814982116222
367,3d23,,1.0,0.0,0.0
368,C4e8,,4279.0,2.0,0.9172818809747696
369,551a,abu dhabi,2.0,0.0,0.8259358704090118
370,5674,"10.446194,-66.853089",1.0,21.0,0.9867891240864992
371,cbc3,Â∑ùÂè£Â∏Ç,14.0,0.0,0.7509730905294418
372,ddea,,1.0,0.0,1.1625086069107056
373,A98A,,3.0,0.0,1.0413428470492363
374,317f,,1.0,0.0,0.0
375,1000,ÔºòÊ£ü,280.0,0.0,1.1671878844499588
376,7590,,791.0,352.0,0.933086894452572
377,278C,,40.0,1.0,1.0802365317940712
378,BDee,,3.0,0.0,0.9151900261640548
379,B045,ÿßŸÑÿ∫ÿßÿ∑ ,742.0,0.0,0.8273276686668396
380,231e,,15.0,2.0,1.0253293216228485
381,Fa4c,,1.0,0.0,1.2776923775672913
382,30AF,,2.0,0.0,1.0573278293013573
383,0Def,,1.0,0.0,1.0209317356348038
384,91195,,1.0,0.0,1.073998041450977
385,37912,ÂÆÆÂ¥é,6881.0,30041.0,0.990817315876484
386,56481,"chattanooga,tn",8.0,17.0,1.055229254066944
387,36866,37912,652.0,0.0,1.036965385079384
388,58763,56481,198.0,0.0,1.036965385079384
389,12798,36866,473.0,0.0,1.036965385079384
390,ba2ac,58763,521.0,0.0,1.036965385079384
391,97146,,1.0,0.0,1.1482801586389542
392,c4442,,5.0,0.0,0.0
393,FAA86,97146,269.0,0.0,1.0127720925956964
394,AB417,,7.0,0.0,0.9262204393744468
395,D861A,,365.0,123.0,0.7211018204689026
396,7314A,,5.0,0.0,0.9031549245119096
397,a8e17,,22.0,5.0,0.9932877849787474
398,c2c24,,2.0,0.0,1.0413428470492363
399,eccde,,33.0,24.0,0.851489707827568
400,71964,,9.0,0.0,0.9681091010570526
401,fbcbc,"Deer Park, NY - Brentwood, NY",20.0,0.0,0.8846927210688591
402,31643,71964,506.0,0.0,1.1119559109210968
403,40732,,1.0,0.0,0.9800437502563
404,39931,31643,107.0,0.0,1.036965385079384
405,31620,,1.0,0.0,0.0
406,c4713,,3.0,0.0,0.9121645241975784
407,0de16,31620,157.0,0.0,1.036965385079384
408,70632,,1.0,0.0,1.0235035512596369
409,bdbad,,405.0,24.0,1.0559814982116222
410,8a9d1,70632,227.0,0.0,1.1119559109210968
411,ea7ec,sky,3.0,2.0,1.0156171396374702
412,89193, ,41746.0,4.0,0.6803623735904694
413,39024,,1.0,0.0,0.0
414,7412C,Êú≠ÂπåÂ∏Ç,30.0,2.0,0.9681091010570526
415,33892,,6.0,2.0,0.9402681142091752
416,83725,,2.0,1.0,0.0
417,94733,,1.0,0.0,0.0
418,c7452,,4.0,0.0,1.2696378827095032
419,37684,,2.0,0.0,0.7680944204330444
420,77422,Antigua,1.0,0.0,0.9780221357941628
421,67460,37684,482.0,0.0,1.0127720925956964
422,acb74,77422,356.0,0.0,1.036965385079384
423,20733,67460,1187.0,0.0,1.036965385079384
424,cccb5,,34.0,84.0,0.0
425,445F3,20733,482.0,0.0,1.036965385079384
426,ce77c,,8429.0,123.0,0.9195539951324464
427,53393,,76.0,25.0,1.031052567064762
428,38119,,353.0,19063.0,0.7211018204689026
429,2066D,,1.0,0.0,1.0676111727952955
430,77458,38119,3924.0,0.0,1.0297994911670685
431,116Ed,,1.0,0.0,0.0
432,28b6e,77458,107.0,0.0,1.036965385079384
433,46182,,1.0,5.0,1.421574980020523
434,19a53,,1.0,2.0,1.1493778079748154
435,abc80,46182,343.0,0.0,1.1119559109210968
436,4875D,,16.0,2.0,0.8659365177154541
437,16140,,1.0,8.0,0.9173177033662796
438,181Ad,,20.0,0.0,1.1974967569112778
439,D2889,16140,164.0,0.0,1.036965385079384
440,b3b15,London,21.0,0.0,1.0608867071568966
441,93401,,43.0,0.0,1.0599863342940807
442,38127,,984.0,129.0,0.9785376209765672
443,15A012,93401,2401.0,0.0,1.1119559109210968
444,458466,38127,2487.0,0.0,1.0297994911670685
445,12417B,,1.0,3.0,0.9977667406201364
446,01949B,,1.0,0.0,0.9121645241975784
447,3baade,,180.0,6.0,0.980685282498598
448,1200Ff,,14.0,0.0,0.8332306146621704
449,b91017,,1.0,0.0,0.0
450,303494,,1211.0,328.0,0.9485849291086196
451,df1060,,118.0,4646.0,0.9239647537469864
452,66116E,,10.0,0.0,0.912959411740303
453,0ff5ec,,1.0,0.0,0.8853742182254791
454,54da10,,19.0,12.0,0.9349887445569038
455,Befa99,,27.0,25.0,0.9494421482086182
456,686430,,1.0,0.0,1.0156171396374702
457,800801,,6.0,1.0,1.0973901748657229
458,941419,,1.0,0.0,0.9396997019648552
459,2929a1,,19.0,1.0,0.7522224485874176
460,aebd83,sa,5.0,4.0,0.9151900261640548
461,77aa50,,26.0,7.0,1.0481603480875492
462,C22006,,2.0,0.0,0.944730207324028
463,996176,,2.0,7.0,0.8853742182254791
464,195967,,238.0,86.0,0.0
465,D44120,"–ú–æ—Å–∫–≤–∞, –†–æ—Å—Å–∏—è",68.0,9.0,1.1327413469552994
466,00011A,,24.0,15.0,1.1401806473731997
467,752711,,1.0,3.0,0.0
468,_linlef,,3354.0,3960.0,0.953391432762146
469,JiaheZhang1997,"Dores de Campos, Brasil",61.0,274.0,1.1242339313030243
470,Yanghuikang1,,2842.0,9351.0,1.003276027739048
471,RoulanyishuiYHC,Hebei China,980.0,1877.0,0.8808621540665627
472,ChanJoe18,,12591.0,73243.0,0.8551642447710037
473,Lanzhouer,People's Republic of China,9078.0,51266.0,0.8991879969835281
474,HENG0621,,2802.0,4242.0,0.942033164203167
476,discountzuzu,Lanzhou City in PRC,3010.0,4415.0,1.020199529826641
477,cryptodatawiz,"‰∏äÊµ∑, ‰∏≠Âçé‰∫∫Ê∞ëÂÖ±ÂíåÂõΩ",79.0,140.0,0.777536615729332
478,bitch_built,"Alabama, USA",16976.0,16761.0,1.0804874300956726
479,wuwalida,"cw: naruto , mha , kny
cr: dog and scum , six of crows

‚ô•Ô∏étwenty
‚ô°she her
‚ô•Ô∏é an aizawa kinda gal",14677.0,24178.0,1.0157796293497086
480,Quan697,,135.0,184.0,1.0525043942034245
481,Mitsos_Arx,She/Her,3682.0,11203.0,0.86112380027771
482,MightyGoatWitch,,9.0,8.0,0.875831663608551
483,Marklord117,,4.0,1.0,0.937177911400795
484,BraveEmblem17,Iron City Greek Sector,369.0,3535.0,0.8724387586116791
485,HaominLiaizg,My Bed,196.0,100866.0,1.0359938517212868
486,mark19676,,405.0,18.0,0.7680944204330444
487,lejinjin,In a place far far away,11419.0,58486.0,1.0139241367578506
488,YangNa18,‰∏≠ÂõΩÂåó‰∫¨,4517.0,14018.0,1.159744456410408
489,Ad4GrY4hiBsiChB,,500.0,653.0,1.32179394364357
490,Ages_Emporium,,2901.0,10364.0,0.9200815930962564
491,mikahisudaily,,867.0,722.0,0.990357294678688
492,_simoneart_,,1803.0,331.0,0.981253469362855
493,_dirtyiron_,,14168.0,56514.0,0.7680944204330444
494,issaanoahh,him/she admin. | not spoiler free.,9.0,0.0,0.8126310110092163
495,Itzvanessa16,Minor ,6968.0,46689.0,1.0359938517212868
496,arthfobic,,99.0,15.0,0.9543916657567024
497,GilpatrickTl,"Los Angeles, CA",2597.0,14786.0,0.9494421482086182
498,23Fujitsu,,1.0,5.0,0.8902284204959869
499,Physiolmy,to owners of content,435.0,2768.0,0.9609419256448746
500,AyikoruLisa,Washington State,807.0,389.0,0.9973675683140756
501,charlotteauman1,Morocco,1393.0,10131.0,1.074537642300129
502,superjanella,The State of Palestine,578.0,2407.0,0.9951268136501312
503,Cade44,,57.0,276.0,1.0412974655628204
504,619919,,1868.0,4582.0,1.074537642300129
505,032Dac,Wonderland,12769.0,1862.0,0.9494421482086182
506,255050,,2.0,0.0,1.0597818866372108
507,333032,gulbarga,2.0,0.0,1.1706494987010956
508,602121,,93.0,216.0,1.0143425278365612
509,aa0065,,2.0,0.0,0.9797067865729332
510,EA7885,,8.0,7.0,1.0862761735916138
511,166465,ÿµÿ≠ŸÅŸä ŸàŸÉÿßÿ™ÿ® Ÿàÿ¥ÿßÿπÿ±,1.0,0.0,0.912959411740303
512,f10944,,997.0,149.0,1.071427397429943
513,fed8631,,21762.0,30071.0,1.2492012530565262
514,1243759,VILLAHEERMOSA TABASCO,24.0,0.0,0.988150492310524
515,8224225,,9.0,0.0,1.093028075993061
516,cdeaf,,5.0,0.0,0.9982674568891524
517,9559a,,7.0,0.0,0.9494421482086182
518,fadef,,1.0,0.0,0.0
519,C1164,,1.0,0.0,1.0573278293013573
520,Fb25F,,3.0,48.0,0.0
521,Cad80,Curitiba,7.0,0.0,1.2421128451824188
522,DFD89,,5.0,0.0,1.0804874300956726
523,DA6b0,,1.0,0.0,0.9336685016751288
524,Ede1D,,7.0,0.0,1.108118899166584
525,72402,Mbabane/Swaziland,1.0,0.0,0.9137233570218086
526,adc88,,3.0,5.0,1.0701694712042809
527,8224225,,1.0,0.0,0.8834892213344574
528,26731,,4.0,0.0,0.9868346899747849
529,67Aea,USA/Germany,68.0,0.0,0.968546975404024
530,a3561,,1.0,0.0,0.0
531,91300,26731,173.0,0.0,1.036965385079384
532,17833,,6.0,516.0,0.0
533,2040F,,1.0,0.0,0.0
534,C2482,Ê≠åËàû‰ºéÁî∫^_^,1749.0,2483.0,1.0841176211833954
535,c9901,17833,219.0,0.0,1.1119559109210968
536,57058,,6.0,0.0,0.9147016704082488
537,Cc91C,,3.0,0.0,0.9286982864141464
538,fafba,mexico,1.0,1.0,0.0
539,ae995,57058,201.0,0.0,1.036965385079384
540,FAFC4,,1.0,0.0,0.9345802888274192
541,f9b99,,4.0,0.0,1.0347533822059631
542,b14d3,,39.0,55.0,0.7680944204330444
543,FF2F8,,281.0,250.0,1.09389790892601
544,96093,,26.0,0.0,1.0866925567388537
545,73553,,5.0,0.0,1.2065321207046509
546,b35b2,,89.0,3.0,0.944730207324028
547,cac0e,96093,423.0,0.0,1.0127720925956964
548,3711F,73553,389.0,0.0,1.036965385079384
549,44126,,14.0,37.0,0.71585413813591
550,D0172,United Kingdom,213.0,609.0,1.0802365317940712
551,36382,,2411.0,661.0,1.203680619597435
552,ead29,44126,2760.0,0.0,1.036965385079384
553,59045,J.town,1.0,0.0,1.111045479774475
554,baad6,,1.0,0.0,0.0
555,bd2db,,9.0,8.0,1.0609857849776745
556,619bd,,2.0,0.0,1.0145633183419704
557,dabc4,,1.0,0.0,1.0235035512596369
558,D7Aa9,,1.0,0.0,0.0
559,d2d2a,,1.0,0.0,0.0
560,70062,,1.0,0.0,0.0
561,fc295,,232.0,123.0,1.0481603480875492
562,a28a1,,3.0,3.0,1.0529789365828035
563,F5472,70062,902.0,0.0,1.036965385079384
564,38317,NY and LA | 80/20,5560.0,0.0,1.0773392766714096
565,72510,,1.0,0.0,0.8000764548778534
566,edaa4,,1.0,0.0,0.0
567,20169,38317,217.0,0.0,1.036965385079384
568,0ff10,‰∏çÊØõÂú∞Â∏Ø,30610.0,1463.0,1.1167526692152023
569,Dad80,,1.0,0.0,0.0
570,65711,20169,675.0,0.0,1.036965385079384
571,0942C,,4.0,0.0,0.9402681142091752
572,64946,,2.0,20.0,0.8461157530546188
573,56699,65711,333.0,0.0,1.036965385079384
574,bcc22,,15.0,76.0,1.3031525909900663
575,58551,,3.0,0.0,0.8147273063659668
576,BF345,Saude,21.0,15.0,0.9470536187291144
577,C1340,,580.0,32.0,0.7680944204330444
578,7a031,,3.0,0.0,0.0
579,1Aa00,,543.0,0.0,1.10298740118742
580,5599E,,212.0,1.0,1.121540129184723
581,fcce4,setagaya,194.0,2.0,0.9715986214578152
582,a3920,,28438.0,0.0,1.1725576221942902
583,4303E,,75.0,0.0,1.0395486131310463
584,56307,,3.0,6.0,0.0
585,224Ae,ÿßŸÑŸäŸÖŸÜ ,32.0,2.0,0.9141490533947944
586,0048f,,2558.0,2819.0,1.059880547225475
587,67536,56307,315.0,0.0,1.036965385079384
588,18Dea,,30.0,4.0,1.0359938517212868
589,a9354,,2018.0,1.0,0.932648040354252
590,ff0c1,Brasil,1.0,0.0,0.846106544137001
591,66961,,2.0,0.0,0.0
592,C0056,„Åä„Åä„Åï„Åã„ÅÅ,8.0,0.0,0.8996988236904144
593,65Caa,ÿßŸÑŸÑŸá Ÿàÿ£ŸÉÿ®ÿ±,6125.0,1.0,0.9151900261640548
594,6171E,,14.0,0.0,1.0637188106775284
595,cada4,,3.0,0.0,1.0597818866372108
596,3702e,,5.0,0.0,0.9188367426395416
597,0f038,,16.0,0.0,1.1035766154527664
598,15828,,1.0,0.0,0.9618264697492124
599,79a9a,Java,35.0,4.0,1.0404738262295723
600,d3f4c,,6.0,31.0,0.0
601,28b93,15828,179.0,0.0,1.036965385079384
602,20Bbc,Qatar,426.0,0.0,1.2121745944023132
603,ddefa,,1.0,0.0,0.0
604,67109,,7.0,6.0,1.0402002781629562
605,72274,,25.0,0.0,0.896741971373558
606,CC424,,633.0,10699.0,1.2770568132400513
607,AA8DD,67109,536.0,0.0,1.036965385079384
608,44529,,12.0,0.0,0.901950553059578
609,DFeda,,1.0,0.0,0.8218554258346558
610,66835,,39.0,450.0,0.8659365177154541
611,98902,ÊúÄËøëÂ∑ùÂ¥é„Å´,20.0,0.0,0.8898808881640434
612,46550,,4.0,2.0,0.9456734955310822
613,70800,66835,308.0,0.0,1.036965385079384
614,12173,98902,531.0,0.0,1.1119559109210968
615,E3665,46550,362.0,0.0,1.036965385079384
616,ae735,,3.0,0.0,0.8094417601823807
617,6EAF6,12173,337.0,0.0,1.036965385079384
618,48478,,1.0,0.0,0.0
619,E9811,,8.0,0.0,0.9363942742347716
620,87887,,1.0,0.0,1.249795600771904
621,Bc477,,44.0,0.0,1.1160308718681335
622,DbFd8,,1.0,0.0,1.064692847430706
623,53716,,,,
624,10039,,,,
625,3B14,,,,
626,fa14,,,,
627,f14b,,,,
628,daa8,,,,
629,1365,,,,
630,18ba,,,,
631,c0ca,,,,
632,C06E,,,,
633,3Cec,,,,
634,B4FF,,,,
635,f1cb,,,,
636,df11,,,,
637,cdf4,,,,
638,bcef,,,,
639,53b1,,,,
640,225A,,,,
641,1119,,,,
642,B20e,,,,
643,83ce,,,,
644,f88f,,,,
645,E444,,,,
646,2551,,,,
647,D21C,,,,
648,ba26,,,,
649,1917,,,,
650,d750,,,,
651,FD47,,,,
652,286c,,,,
653,BB20,,,,
654,3D56,,,,
655,1872,,,,
656,86A5,,,,
657,704b,,,,
658,4346,,,,
659,60Ff,,,,
660,ee25,,,,
661,B569,,,,
662,c746,,,,
663,acbe,,,,
664,6391,,,,
665,92F4,,,,
666,b97a,,,,
667,F130,,,,
668,a78b,,,,
669,d66d,,,,
670,c47b,,,,
671,e2b1,,,,
672,239E,,,,
673,ae86,,,,
674,3517,,,,
675,a398,,,,
676,d740,,,,
677,8800,,,,
678,D263,,,,
679,5def,,,,
680,E24E,,,,
681,076e,,,,
682,DB07,,,,
683,dd3c,,,,
684,17D3,,,,
685,939e,,,,
686,f092,,,,
687,9c2e,,,,
688,07A4,,,,
689,d09b,,,,
690,3376,,,,
691,9caa,,,,
692,4A04,,,,
693,1414,,,,
694,7C8b,,,,
695,3add,,,,
696,1024,,,,
697,81Fd,,,,
698,b136,,,,
699,F629,,,,
700,F20F,,,,
701,9619,,,,
702,F91d,,,,
703,52fd,,,,
704,311b,,,,
705,Ed21,,,,
706,4509,,,,
707,EAE6,,,,
708,A336,,,,
709,D32d,,,,
710,2baf,,,,
711,0a20,,,,
712,0A06,,,,
713,e321,,,,
714,5f8f,,,,
715,000B,,,,
716,13fc,,,,
717,529A,,,,
718,293b,,,,
719,4724,,,,
720,6fff,,,,
721,050E,,,,
722,99b2,,,,
723,2016,,,,
724,86ca,,,,
725,ef74,,,,
726,dfc0,,,,
727,5313,,,,
728,d120,,,,
729,9449,,,,
730,f9d3,,,,
731,1dab,,,,
732,9ee4,,,,
733,102b,,,,
734,6366,,,,
735,0aa0,,,,
736,D31A,,,,
737,FC47,,,,
738,1770,,,,
739,b54e,,,,
740,2505,,,,
741,6ae4,,,,
742,D1DC,,,,
743,8Ed8,,,,
744,B202,,,,
745,2a4c,,,,
746,afa6,,,,
747,2ba8,,,,
748,3193,,,,
749,36c3,,,,
750,faf2,,,,
751,fefd,,,,
752,c337,,,,
753,721E,,,,
754,22cc,,,,
755,bb03,,,,
756,9600,,,,
757,E2A1,,,,
758,6013,,,,
759,2aa1,,,,
760,c993,,,,
761,5817,,,,
762,035A,,,,
763,94,,,,
764,725F,,,,
765,3223,,,,
766,86ca,,,,
767,e3eA,,,,
768,a1cd,,,,
769,A239,,,,
770,EF90,,,,
771,4708,,,,
772,a52e,,,,
773,20A5,,,,
774,BC37,,,,
775,6A09,,,,
776,D24C,,,,
777,ba1b,,,,
778,1438,,,,
779,8816,,,,
780,32c2,,,,
781,bc4b,,,,
782,722,,,,
783,cb55,,,,
784,058A,,,,
785,ee68,,,,
786,ae98,,,,
787,c7c8,,,,
788,8b20,,,,
789,D7C5,,,,
790,2225,,,,
791,6055,,,,
792,3533,,,,
793,D1a4,,,,
794,A17C,,,,
795,5ba8,,,,
796,5057,,,,
797,B137,,,,
798,5d62,,,,
799,3c35,,,,
800,ff2b,,,,
801,c7a1,,,,
802,1148,,,,
803,d99a,,,,
804,23A8,,,,
805,D369,,,,
806,4D18,,,,
807,c2bd,,,,
808,5720,,,,
809,9635,,,,
810,241D,,,,
811,407B,,,,
812,adad,,,,
813,22ae,,,,
814,3605,,,,
815,ebb5,,,,
816,ED99,,,,
817,eb55,,,,
818,FCE6,,,,
819,d5a7,,,,
820,1534,,,,
821,e5e1,,,,
822,3B14,,,,
823,86A5,,,,
824,f955,,,,
825,7ad0,,,,
826,27df,,,,
827,26BF,,,,
828,f321,,,,
829,1511,,,,
830,D089,,,,
831,4027,,,,
832,986B,,,,
833,6ede,,,,
834,EA4A,,,,
835,59Da,,,,
836,5f4a,,,,
837,f536,,,,
838,c993,,,,
839,C202,,,,
840,5cac,,,,
841,8645,,,,
842,b655,,,,
843,CC12,,,,
844,A205,,,,
845,09de,,,,
846,3190,,,,
847,58ba,,,,
848,e534,,,,
849,E626,,,,
850,1ad3,,,,
851,1104,,,,
852,5053,,,,
853,9125,,,,
854,913D,,,,
855,f05c,,,,
856,be1e,,,,
857,8.00E+88,,,,
858,ff40,,,,
859,5d57,,,,
860,5517,,,,
861,737d,,,,
862,1A14,,,,
863,6121,,,,
864,6013,,,,
865,a525,,,,
866,BD45,,,,
867,de44,,,,
868,8022,,,,
869,82c1,,,,
870,D1Ed,,,,
871,847D,,,,
872,2c38,,,,
873,587,,,,
874,BC21,,,,
875,16Bf,,,,
876,5bff,,,,
877,95D3,,,,
878,0ed1,,,,
879,dc3e,,,,
880,bdf8,,,,
881,2aa1,,,,
882,1d57,,,,
883,e471,,,,
884,1922,,,,
885,E2A1,,,,
886,1.60E+10,,,,
887,a5b6,,,,
888,6eb1,,,,
889,7c71,,,,
890,6371,,,,
891,fd37,,,,
892,F1A8,,,,
893,4331,,,,
894,9631,,,,
895,c3c9,,,,
896,89Eb,,,,
897,FB99,,,,
898,b23d,,,,
899,c834,,,,
900,40Ca,,,,
901,4D18,,,,
902,13b3,,,,
903,f849,,,,
904,971,,,,
905,5817,,,,
906,bbfe,,,,
907,14fe,,,,
908,827b,,,,
909,c63d,,,,
910,2d4d,,,,
911,cb29,,,,
912,C602,,,,
913,442A,,,,
914,1418,,,,
915,d337,,,,
916,6817,,,,
917,ADFC,,,,
918,2491,,,,
919,06Cd,,,,
920,b882,,,,
921,a0a1,,,,
922,2AD7,,,,
923,eb33,,,,
924,8.00E+91,,,,
925,6335,,,,
926,5cc5,,,,
927,CCAC,,,,
928,5.00E+30,,,,
929,21CF,,,,
930,6.00E+66,,,,
931,2ac9,,,,
932,949B,,,,
933,ce19,,,,
934,0ac0,,,,
935,8106,,,,
936,c4a7,,,,
937,7258,,,,
938,4164,,,,
939,715D,,,,
940,00Ea,,,,
941,c388,,,,
942,4d5d,,,,
943,b076,,,,
944,F1b0,,,,
945,Daa2,,,,
946,822,,,,
947,deb0,,,,
948,984F,,,,
949,563e,,,,
950,2628,,,,
951,fe90,,,,
952,97Db,,,,
953,4b01,,,,
954,6896,,,,
955,505c,,,,
956,0dd2,,,,
957,3eca,,,,
958,1FBA,,,,
959,123C,,,,
960,34a3,,,,
961,3361,,,,
962,1fd0,,,,
963,1.50E+10,,,,
964,4398,,,,
965,d830,,,,
966,196B,,,,
967,7251,,,,
968,eb54,,,,
969,D05D,,,,
970,2706,,,,
971,5598,,,,
972,1506,,,,
973,c2a0,,,,
974,bc45,,,,
975,9e6a,,,,
976,E804,,,,
977,944e,,,,
978,556a,,,,
979,ae5c,,,,
980,823C,,,,
981,27cc,,,,
982,773D,,,,
983,c0dd,,,,
984,a4e5,,,,
985,4436,,,,
986,f3c5,,,,
987,b438,,,,
988,dc95,,,,
989,3fca,,,,
990,9777,,,,
991,db1a,,,,
992,3.00E+29,,,,
993,CCCE,,,,
994,06Ab,,,,
995,88AD,,,,
996,28Bb,,,,
997,B4E3,,,,
998,1154,,,,
999,F09B,,,,
